t,Ca,x
0,0.051245352,0.1
0.25,-0.124230209,0.1
0.5,-0.060391703,0.1
0.75,0.175025843,0.1
1,-0.091603068,0.1
1.25,0.11615364,0.1
1.5,-0.138249279,0.1
1.75,-0.096590551,0.1
2,-0.078939333,0.1
2.25,-0.073761946,0.1
2.5,-0.100542017,0.1
2.75,0.012006939,0.1
3,0.031438676,0.1
3.25,0.151578286,0.1
3.5,0.087231037,0.1
3.75,0.06510655,0.1
4,0.19044082,0.1
4.25,-0.023812961,0.1
4.5,-0.247715884,0.1
4.75,-0.125504975,0.1
5,0.061031272,0.1
5.25,-0.051871227,0.1
5.5,0.248405287,0.1
5.75,0.016112696,0.1
6,-0.084349131,0.1
6.25,0.07314246,0.1
6.5,0.240743096,0.1
6.75,0.002411009,0.1
7,-0.079405258,0.1
7.25,-0.145630245,0.1
7.5,-0.124677812,0.1
7.75,0.016634249,0.1
8,-0.106619405,0.1
8.25,0.024781344,0.1
8.5,0.158697031,0.1
8.75,0.049850477,0.1
9,-0.209820803,0.1
9.25,0.029503902,0.1
9.5,-0.031919314,0.1
9.75,-0.067556114,0.1
10,0.005668176,0.1
10.25,-0.091302915,0.1
10.5,-0.079182384,0.1
10.75,-0.166141368,0.1
11,-0.048035223,0.1
11.25,0.108364113,0.1
11.5,-0.086221029,0.1
11.75,0.10198028,0.1
12,0.111680934,0.1
12.25,0.134121539,0.1
12.5,0.069851471,0.1
12.75,-0.083236778,0.1
13,-0.153716852,0.1
13.25,0.001407448,0.1
13.5,-0.051365648,0.1
13.75,-0.216437943,0.1
14,-0.010501208,0.1
14.25,0.255326331,0.1
14.5,0.075051283,0.1
14.75,-0.002797292,0.1
15,-0.057464536,0.1
15.25,0.124683837,0.1
15.5,-0.063403228,0.1
15.75,0.065236866,0.1
16,-0.047701016,0.1
16.25,0.075687451,0.1
16.5,0.059456042,0.1
16.75,0.197185528,0.1
17,0.015502078,0.1
17.25,0.119144532,0.1
17.5,-0.015908163,0.1
17.75,0.041888447,0.1
18,-0.121022506,0.1
18.25,0.158263949,0.1
18.5,-0.03132655,0.1
18.75,0.115001197,0.1
19,-0.099146767,0.1
19.25,-0.03902489,0.1
19.5,0.090601417,0.1
19.75,0.005186053,0.1
20,-0.032658571,0.1
20.25,0.137432061,0.1
20.5,-0.141962275,0.1
20.75,-0.252627001,0.1
21,-0.210888543,0.1
21.25,0.058850526,0.1
21.5,-0.152918984,0.1
21.75,0.142827397,0.1
22,-0.00348442,0.1
22.25,-0.337050437,0.1
22.5,-0.054348698,0.1
22.75,0.005078487,0.1
23,0.102458668,0.1
23.25,-0.137532348,0.1
23.5,-0.092528996,0.1
23.75,-0.178704247,0.1
24,0.185293579,0.1
24.25,0.156417613,0.1
24.5,-0.076601794,0.1
24.75,0.218124812,0.1
25,0.024585946,0.1
25.25,0.236214802,0.1
25.5,-0.052912034,0.1
25.75,0.194018108,0.1
26,-0.019819753,0.1
26.25,-0.207748236,0.1
26.5,-0.083747796,0.1
26.75,0.12477218,0.1
27,-0.235435484,0.1
27.25,0.078089021,0.1
27.5,0.010450896,0.1
27.75,0.231185521,0.1
28,-0.194740769,0.1
28.25,-0.020657284,0.1
28.5,0.076551543,0.1
28.75,-0.08660904,0.1
29,-0.02057115,0.1
29.25,-0.023278408,0.1
29.5,-0.115245183,0.1
29.75,-0.0673408,0.1
30,-0.026100598,0.1
30.25,0.004611434,0.1
30.5,0.11621195,0.1
30.75,-0.087651719,0.1
31,0.061609784,0.1
31.25,-0.167523103,0.1
31.5,-0.024008327,0.1
31.75,-0.044888454,0.1
32,0.068883148,0.1
32.25,-0.004427073,0.1
32.5,0.067354026,0.1
32.75,-0.185268669,0.1
33,0.008201519,0.1
33.25,0.036832579,0.1
33.5,0.136256081,0.1
33.75,0.231366895,0.1
34,-0.098522598,0.1
34.25,0.059825283,0.1
34.5,-0.130828899,0.1
34.75,-0.000451063,0.1
35,0.343024994,0.1
35.25,0.069810304,0.1
35.5,-0.090439046,0.1
35.75,-0.005795445,0.1
36,0.078151348,0.1
36.25,-0.259445599,0.1
36.5,0.090287156,0.1
36.75,0.187042224,0.1
37,0.079625328,0.1
37.25,-0.079725927,0.1
37.5,0.101031579,0.1
37.75,0.11267771,0.1
38,-0.126068381,0.1
38.25,0.236654614,0.1
38.5,-0.053548983,0.1
38.75,0.050416028,0.1
39,0.042185681,0.1
39.25,0.135158489,0.1
39.5,0.155095236,0.1
39.75,-0.028625603,0.1
40,0.001383098,0.1
40.25,-0.010917583,0.1
40.5,-0.052353318,0.1
40.75,-0.109474509,0.1
41,0.015317821,0.1
41.25,0.055719226,0.1
41.5,0.061365725,0.1
41.75,0.085981018,0.1
42,-0.124546678,0.1
42.25,0.160715084,0.1
42.5,0.323590727,0.1
42.75,-0.243901995,0.1
43,-0.006693036,0.1
43.25,0.000487375,0.1
43.5,0.117411503,0.1
43.75,0.020050064,0.1
44,0.028603683,0.1
44.25,-0.060846435,0.1
44.5,-0.270393801,0.1
44.75,0.149661894,0.1
45,0.150901325,0.1
45.25,-0.103291876,0.1
45.5,-0.077831705,0.1
45.75,0.000434033,0.1
46,0.109439977,0.1
46.25,-0.100839206,0.1
46.5,0.098080367,0.1
46.75,-0.187379285,0.1
47,-0.05656289,0.1
47.25,-0.070112685,0.1
47.5,-0.197996774,0.1
47.75,-0.09368148,0.1
48,-0.088992092,0.1
48.25,0.005218691,0.1
48.5,-0.237712343,0.1
48.75,-0.085345332,0.1
49,-0.00846342,0.1
49.25,-0.226486836,0.1
49.5,-0.176556548,0.1
49.75,0.095711373,0.1
50,0.036271149,0.1
50.25,-0.03592503,0.1
50.5,-0.121541351,0.1
50.75,-0.015742895,0.1
51,0.03790506,0.1
51.25,-0.054894157,0.1
51.5,0.280717961,0.1
51.75,0.378256458,0.1
52,0.220021375,0.1
52.25,0.273507358,0.1
52.5,0.834906999,0.1
52.75,0.998240251,0.1
53,1.006986377,0.1
53.25,1.387710271,0.1
53.5,1.720180868,0.1
53.75,2.233251074,0.1
54,2.648474138,0.1
54.25,3.041384811,0.1
54.5,3.894483283,0.1
54.75,4.216126969,0.1
55,4.79001069,0.1
55.25,5.140999181,0.1
55.5,5.767792841,0.1
55.75,6.601009274,0.1
56,6.988464504,0.1
56.25,7.567738059,0.1
56.5,8.084302325,0.1
56.75,8.532042591,0.1
57,9.149326593,0.1
57.25,9.502802316,0.1
57.5,9.675842118,0.1
57.75,10.19384724,0.1
58,10.38936914,0.1
58.25,10.88823706,0.1
58.5,11.12609157,0.1
58.75,11.37000354,0.1
59,11.61018684,0.1
59.25,11.80571036,0.1
59.5,12.1779483,0.1
59.75,12.00272898,0.1
60,12.33750538,0.1
60.25,12.56253676,0.1
60.5,12.61621342,0.1
60.75,12.41835016,0.1
61,12.33329063,0.1
61.25,12.40799424,0.1
61.5,12.1181911,0.1
61.75,12.06433719,0.1
62,11.86657191,0.1
62.25,11.57101454,0.1
62.5,11.33397491,0.1
62.75,11.11626028,0.1
63,10.78729003,0.1
63.25,10.39129063,0.1
63.5,10.07891824,0.1
63.75,9.619562209,0.1
64,9.459219011,0.1
64.25,8.989186559,0.1
64.5,8.681837761,0.1
64.75,8.326086216,0.1
65,8.1448801,0.1
65.25,7.78828554,0.1
65.5,7.756296505,0.1
65.75,7.463564334,0.1
66,7.258422508,0.1
66.25,7.100892767,0.1
66.5,7.081345897,0.1
66.75,6.726142772,0.1
67,6.641256595,0.1
67.25,6.228151358,0.1
67.5,6.13470932,0.1
67.75,6.134756191,0.1
68,6.019321407,0.1
68.25,5.573598479,0.1
68.5,5.689066257,0.1
68.75,5.589410848,0.1
69,5.495680084,0.1
69.25,5.380848847,0.1
69.5,5.376986246,0.1
69.75,5.505812307,0.1
70,5.148180483,0.1
70.25,5.313510526,0.1
70.5,4.808050878,0.1
70.75,5.062731733,0.1
71,4.999595211,0.1
71.25,4.744118428,0.1
71.5,4.680065429,0.1
71.75,4.631388057,0.1
72,4.636492241,0.1
72.25,4.733535635,0.1
72.5,4.188748056,0.1
72.75,4.450847929,0.1
73,4.527472861,0.1
73.25,4.323866492,0.1
73.5,4.138523686,0.1
73.75,4.26171978,0.1
74,4.035802444,0.1
74.25,3.998372509,0.1
74.5,3.980028215,0.1
74.75,4.014482261,0.1
75,3.733781635,0.1
75.25,3.890628225,0.1
75.5,3.696596734,0.1
75.75,3.77364573,0.1
76,3.509503978,0.1
76.25,3.626080005,0.1
76.5,3.762342103,0.1
76.75,3.422843866,0.1
77,3.354794023,0.1
77.25,3.58181999,0.1
77.5,3.311968679,0.1
77.75,3.311839237,0.1
78,3.196677359,0.1
78.25,3.132712959,0.1
78.5,3.135172601,0.1
78.75,3.307070168,0.1
79,3.144045962,0.1
79.25,2.876736598,0.1
79.5,2.981135929,0.1
79.75,2.78566379,0.1
80,2.816496356,0.1
80.25,2.870637005,0.1
80.5,2.760313066,0.1
80.75,2.811025671,0.1
81,2.705199669,0.1
81.25,2.553061787,0.1
81.5,2.765831269,0.1
81.75,2.624645566,0.1
82,2.582872412,0.1
82.25,2.609809771,0.1
82.5,2.560097312,0.1
82.75,2.358740701,0.1
83,2.504267698,0.1
83.25,2.314078943,0.1
83.5,2.526697879,0.1
83.75,2.115650799,0.1
84,2.339118078,0.1
84.25,2.348742585,0.1
84.5,2.148689337,0.1
84.75,2.494986196,0.1
85,2.308086905,0.1
85.25,2.146928604,0.1
85.5,1.990864455,0.1
85.75,2.109490127,0.1
86,2.237741277,0.1
86.25,2.027620755,0.1
86.5,2.091398514,0.1
86.75,1.938352587,0.1
87,2.075044079,0.1
87.25,1.929620721,0.1
87.5,1.940615485,0.1
87.75,1.966973904,0.1
88,1.929913767,0.1
88.25,1.982800383,0.1
88.5,2.027622739,0.1
88.75,1.770604912,0.1
89,1.79513972,0.1
89.25,1.947570528,0.1
89.5,1.968471829,0.1
89.75,1.781056455,0.1
90,1.834617009,0.1
90.25,1.667829204,0.1
90.5,1.803283374,0.1
90.75,1.51914323,0.1
91,1.80317307,0.1
91.25,1.765995042,0.1
91.5,1.670847293,0.1
91.75,1.484876097,0.1
92,1.546586181,0.1
92.25,1.830157384,0.1
92.5,1.417557896,0.1
92.75,1.487835837,0.1
93,1.59358905,0.1
93.25,1.483495406,0.1
93.5,1.611244105,0.1
93.75,1.688569028,0.1
94,1.454806375,0.1
94.25,1.741061621,0.1
94.5,1.478267898,0.1
94.75,1.637193192,0.1
95,1.419545131,0.1
95.25,1.432114172,0.1
95.5,1.329569911,0.1
95.75,1.307668994,0.1
96,1.216081335,0.1
96.25,1.318739174,0.1
96.5,1.212422381,0.1
96.75,1.387144009,0.1
97,1.252488579,0.1
97.25,1.240292765,0.1
97.5,1.428092769,0.1
97.75,1.098476903,0.1
98,1.274755069,0.1
98.25,1.320487328,0.1
98.5,1.280393392,0.1
98.75,1.136502588,0.1
99,1.137691859,0.1
99.25,1.174184137,0.1
99.5,0.992539374,0.1
99.75,1.073403913,0.1
100,1.199842974,0.1
100.25,1.059324525,0.1
100.5,1.151366044,0.1
100.75,1.142733716,0.1
101,1.035702131,0.1
101.25,1.006102231,0.1
101.5,1.168088162,0.1
101.75,1.110157574,0.1
102,1.124047226,0.1
102.25,1.121159162,0.1
102.5,0.997870098,0.1
102.75,1.000713939,0.1
103,0.897362669,0.1
103.25,0.861842344,0.1
103.5,1.041170495,0.1
103.75,0.966039824,0.1
104,0.903633832,0.1
104.25,0.883476709,0.1
104.5,0.837012514,0.1
104.75,0.689323438,0.1
105,0.865274496,0.1
105.25,0.79743511,0.1
105.5,0.871154818,0.1
105.75,1.054227025,0.1
106,1.02822415,0.1
106.25,0.712439184,0.1
106.5,0.956032483,0.1
106.75,0.793448982,0.1
107,0.69449052,0.1
107.25,0.78822567,0.1
107.5,0.785032168,0.1
107.75,0.807394185,0.1
108,0.698083099,0.1
108.25,0.633879568,0.1
108.5,0.775423941,0.1
108.75,0.849342605,0.1
109,0.595337989,0.1
109.25,0.663706464,0.1
109.5,0.6673854,0.1
109.75,0.870048104,0.1
110,0.797180395,0.1
110.25,0.828936807,0.1
110.5,0.583619695,0.1
110.75,0.60938553,0.1
111,0.984360324,0.1
111.25,0.540693118,0.1
111.5,0.627042727,0.1
111.75,0.758476801,0.1
112,0.777046438,0.1
112.25,0.738165204,0.1
112.5,0.555426797,0.1
112.75,0.743788382,0.1
113,0.552483244,0.1
113.25,0.512213599,0.1
113.5,0.497393653,0.1
113.75,0.779001201,0.1
114,0.477277503,0.1
114.25,0.536477541,0.1
114.5,0.646500188,0.1
114.75,0.913793896,0.1
115,0.607411104,0.1
115.25,0.519294043,0.1
115.5,0.605949665,0.1
115.75,0.700252674,0.1
116,0.42774819,0.1
116.25,0.521663844,0.1
116.5,0.503185768,0.1
116.75,0.529438805,0.1
117,0.616412996,0.1
117.25,0.622244012,0.1
117.5,0.552872823,0.1
117.75,0.519022355,0.1
118,0.452984651,0.1
118.25,0.581961089,0.1
118.5,0.422266023,0.1
118.75,0.672048782,0.1
119,0.514692994,0.1
119.25,0.297745926,0.1
119.5,0.219204452,0.1
119.75,0.588371395,0.1
120,0.336013811,0.1
120.25,0.505886068,0.1
120.5,0.516143449,0.1
120.75,0.430872559,0.1
121,0.568800659,0.1
121.25,0.451079844,0.1
121.5,0.467388723,0.1
121.75,0.445670961,0.1
122,0.37784051,0.1
122.25,0.312392244,0.1
122.5,0.46528962,0.1
122.75,0.402988675,0.1
123,0.450079518,0.1
123.25,0.55811139,0.1
123.5,0.45438257,0.1
123.75,0.297311674,0.1
124,0.429411252,0.1
124.25,0.501810769,0.1
124.5,0.495101196,0.1
124.75,0.370184598,0.1
125,0.315589935,0.1
125.25,0.227613854,0.1
125.5,0.313704883,0.1
125.75,0.380083974,0.1
126,0.14543432,0.1
126.25,0.206805073,0.1
126.5,0.198509655,0.1
126.75,0.45320336,0.1
127,0.484547524,0.1
127.25,0.102057145,0.1
127.5,0.333939765,0.1
127.75,0.361359465,0.1
128,0.413490689,0.1
128.25,0.224775042,0.1
128.5,0.362103409,0.1
128.75,0.394340158,0.1
129,0.350898194,0.1
129.25,0.327340058,0.1
129.5,0.249721607,0.1
129.75,0.262861002,0.1
130,0.360718287,0.1
130.25,0.366316151,0.1
130.5,0.131997173,0.1
130.75,0.193169354,0.1
131,0.313574325,0.1
131.25,0.446930688,0.1
131.5,0.142449172,0.1
131.75,0.269055289,0.1
132,0.331684654,0.1
132.25,0.288319358,0.1
132.5,0.458284952,0.1
132.75,0.147383234,0.1
133,0.16279376,0.1
133.25,0.252447217,0.1
133.5,0.3462885,0.1
133.75,-0.012523527,0.1
134,0.131809782,0.1
134.25,0.110638729,0.1
134.5,0.230642122,0.1
134.75,-0.004342777,0.1
135,0.130193985,0.1
135.25,0.33679997,0.1
135.5,0.398931335,0.1
135.75,0.222182139,0.1
136,0.223026019,0.1
136.25,0.279064656,0.1
136.5,0.101170201,0.1
136.75,0.159127351,0.1
137,0.004219327,0.1
137.25,0.234541442,0.1
137.5,0.163739427,0.1
137.75,0.099513888,0.1
138,0.067196272,0.1
138.25,0.37210721,0.1
138.5,0.172003053,0.1
138.75,0.176097476,0.1
139,0.187180497,0.1
139.25,0.115186088,0.1
139.5,0.429227421,0.1
139.75,-0.157452732,0.1
140,0.118181323,0.1
140.25,0.137292276,0.1
140.5,0.115670493,0.1
140.75,0.092208257,0.1
141,0.19973028,0.1
141.25,0.179484186,0.1
141.5,0.165134568,0.1
141.75,0.103847888,0.1
142,0.293653671,0.1
142.25,0.212827471,0.1
142.5,0.010594205,0.1
142.75,-0.013129582,0.1
143,0.089437412,0.1
143.25,0.030851406,0.1
143.5,0.114633189,0.1
143.75,-0.069936827,0.1
144,0.443741246,0.1
144.25,0.03913237,0.1
144.5,0.35116105,0.1
144.75,0.145798365,0.1
145,0.092467039,0.1
145.25,-0.103917779,0.1
145.5,0.095667457,0.1
145.75,0.008212329,0.1
146,0.135807239,0.1
146.25,0.173183961,0.1
146.5,-0.17829507,0.1
146.75,-0.031935837,0.1
147,0.116772122,0.1
147.25,0.03843433,0.1
147.5,0.282823251,0.1
147.75,0.066782088,0.1
148,0.13061585,0.1
148.25,0.27524929,0.1
148.5,0.376428349,0.1
148.75,-0.016678649,0.1
149,0.075356942,0.1
149.25,-0.022911636,0.1
149.5,0.113442808,0.1
149.75,0.138755479,0.1
150,0.113464143,0.1
150.25,0.14946996,0.1
150.5,0.146793629,0.1
150.75,-0.107842021,0.1
151,0.278328736,0.1
151.25,0.226545243,0.1
151.5,0.245648947,0.1
151.75,0.260872782,0.1
152,-0.020461966,0.1
152.25,0.222653199,0.1
152.5,0.017054762,0.1
152.75,0.060094121,0.1
153,-0.010554203,0.1
153.25,0.17340967,0.1
153.5,0.148459268,0.1
153.75,-0.081940475,0.1
154,-0.178751935,0.1
154.25,-0.009862623,0.1
154.5,-0.019344226,0.1
154.75,0.16342852,0.1
155,0.057456059,0.1
155.25,0.257744007,0.1
155.5,0.076343574,0.1
155.75,0.106665611,0.1
156,0.023275927,0.1
156.25,0.053998622,0.1
156.5,0.05333751,0.1
156.75,0.254408709,0.1
157,0.045189649,0.1
157.25,0.041633044,0.1
157.5,0.157424257,0.1
157.75,0.044511921,0.1
158,-0.126237902,0.1
158.25,-0.15242466,0.1
158.5,0.001161394,0.1
158.75,0.207152985,0.1
159,0.073406318,0.1
159.25,-0.021498785,0.1
159.5,0.096079117,0.1
159.75,0.202976027,0.1
160,-0.00275519,0.1
160.25,0.096436439,0.1
160.5,0.235220518,0.1
160.75,0.152994009,0.1
161,0.028081368,0.1
161.25,-0.090379909,0.1
161.5,0.117343431,0.1
161.75,0.028998563,0.1
162,0.084690183,0.1
162.25,-0.082977966,0.1
162.5,-0.040170515,0.1
162.75,0.162445114,0.1
163,0.095574094,0.1
163.25,-0.008650207,0.1
163.5,0.12990897,0.1
163.75,0.218475547,0.1
164,0.058772307,0.1
164.25,0.280420907,0.1
164.5,-0.072333181,0.1
164.75,0.079239532,0.1
165,0.176924198,0.1
165.25,0.075245916,0.1
165.5,-0.024364875,0.1
165.75,0.014137945,0.1
166,-0.024220663,0.1
166.25,0.095761973,0.1
166.5,0.040653323,0.1
166.75,0.02171292,0.1
167,-0.030539179,0.1
167.25,0.151135591,0.1
167.5,-0.093760979,0.1
167.75,-0.072267963,0.1
168,-0.175390001,0.1
168.25,-0.066096957,0.1
168.5,0.138644139,0.1
168.75,0.31670566,0.1
169,0.050487475,0.1
169.25,-0.13324912,0.1
169.5,0.192815794,0.1
169.75,-0.007474091,0.1
170,0.367686151,0.1
170.25,-0.006495238,0.1
170.5,0.163166008,0.1
170.75,-0.104228213,0.1
171,-0.047956969,0.1
171.25,0.030686844,0.1
171.5,0.225433008,0.1
171.75,-0.091331265,0.1
172,0.046349254,0.1
172.25,-0.183525487,0.1
172.5,0.152584292,0.1
172.75,-0.009004854,0.1
173,-0.049885575,0.1
173.25,0.136841962,0.1
173.5,0.113813504,0.1
173.75,0.067777827,0.1
174,0.100847849,0.1
174.25,0.085074972,0.1
174.5,0.233067609,0.1
174.75,-0.101345484,0.1
175,0.091066196,0.1
175.25,0.154152859,0.1
175.5,0.11847043,0.1
175.75,-0.16324818,0.1
176,-0.122406185,0.1
176.25,-0.02343247,0.1
176.5,-0.018311728,0.1
176.75,0.094164791,0.1
177,0.044190524,0.1
177.25,0.02630537,0.1
177.5,0.119266701,0.1
177.75,-0.050977683,0.1
178,0.163368692,0.1
178.25,0.188695812,0.1
178.5,0.057421877,0.1
178.75,0.168916268,0.1
179,-0.036233264,0.1
179.25,0.048513398,0.1
179.5,-0.228902108,0.1
179.75,0.17967491,0.1
180,0.061212885,0.1
180.25,-0.001209175,0.1
180.5,0.225012356,0.1
180.75,-0.061409596,0.1
181,-0.110245958,0.1
181.25,0.071975485,0.1
181.5,-0.052832884,0.1
181.75,-0.271448074,0.1
182,0.051831218,0.1
182.25,-0.045271031,0.1
182.5,0.00654696,0.1
182.75,0.262188654,0.1
183,-0.22823012,0.1
183.25,0.03919568,0.1
183.5,0.140102147,0.1
183.75,-0.007506925,0.1
184,-0.012488995,0.1
184.25,0.18502262,0.1
184.5,-0.004166762,0.1
184.75,0.007448765,0.1
185,0.139485863,0.1
185.25,0.063480956,0.1
185.5,-0.064487776,0.1
185.75,-0.0453568,0.1
186,0.06880397,0.1
186.25,-0.056744576,0.1
186.5,-0.13244231,0.1
186.75,0.110349101,0.1
187,0.216292429,0.1
187.25,0.251727727,0.1
187.5,-0.009735884,0.1
187.75,0.098146017,0.1
188,-0.035027694,0.1
188.25,-0.124739592,0.1
188.5,0.057606788,0.1
188.75,0.002275171,0.1
189,-0.028774145,0.1
189.25,0.192441554,0.1
189.5,0.120293708,0.1
189.75,0.117836544,0.1
190,-0.089593949,0.1
190.25,-0.268937817,0.1
190.5,-0.152327127,0.1
190.75,-0.092122041,0.1
191,0.103765796,0.1
191.25,0.120667249,0.1
191.5,0.086463073,0.1
191.75,-0.207987068,0.1
192,0.062011759,0.1
192.25,0.00631728,0.1
192.5,-0.061881111,0.1
192.75,0.038720541,0.1
193,-0.232022413,0.1
193.25,0.126244637,0.1
193.5,-0.100004372,0.1
193.75,-0.137544888,0.1
194,0.134341537,0.1
194.25,0.148750029,0.1
194.5,0.180336655,0.1
194.75,-0.069486303,0.1
195,0.35750681,0.1
195.25,-0.233748147,0.1
195.5,-0.066824133,0.1
195.75,0.006809575,0.1
196,-0.172591416,0.1
196.25,-0.128701736,0.1
196.5,0.212087896,0.1
196.75,0.161741504,0.1
197,-0.042245399,0.1
197.25,-0.017558651,0.1
197.5,0.236511423,0.1
197.75,-0.03065699,0.1
198,-0.12870582,0.1
198.25,-0.137347851,0.1
198.5,0.04876397,0.1
198.75,0.02846556,0.1
199,0.129371282,0.1
199.25,-0.100003943,0.1
199.5,-0.103859854,0.1
199.75,0.030975312,0.1
200,-0.040743504,0.1
200.25,0.174392393,0.1
200.5,-0.14582922,0.1
200.75,0.118122469,0.1
201,0.095913452,0.1
201.25,0.103667373,0.1
201.5,-0.123225453,0.1
201.75,0.115559134,0.1
202,0.065982363,0.1
202.25,-0.059283422,0.1
202.5,-0.053691642,0.1
202.75,0.075617667,0.1
203,0.016734993,0.1
203.25,0.167798329,0.1
203.5,0.179787208,0.1
203.75,-0.080428658,0.1
204,-0.118049216,0.1
204.25,0.072681086,0.1
204.5,0.118163049,0.1
204.75,0.201007328,0.1
205,-0.005025968,0.1
205.25,0.073946056,0.1
205.5,-0.043024639,0.1
205.75,-0.143668953,0.1
206,0.169870165,0.1
206.25,0.022279171,0.1
206.5,-0.127213971,0.1
206.75,-0.136941285,0.1
207,0.028021723,0.1
207.25,0.000623118,0.1
207.5,0.036310704,0.1
207.75,0.04197974,0.1
208,-0.100437776,0.1
208.25,0.10050129,0.1
208.5,0.043969817,0.1
208.75,0.017003419,0.1
209,-0.015980949,0.1
209.25,0.062811947,0.1
209.5,0.179808942,0.1
209.75,0.10187228,0.1
210,0.169164809,0.1
210.25,-0.137589738,0.1
210.5,-0.019003374,0.1
210.75,-0.054118529,0.1
211,0.04321935,0.1
211.25,0.085354376,0.1
211.5,-0.100217975,0.1
211.75,-0.117295456,0.1
212,0.023395262,0.1
212.25,-0.103121651,0.1
212.5,0.035797053,0.1
212.75,0.068848469,0.1
213,0.124205521,0.1
213.25,-0.074139876,0.1
213.5,-0.037704265,0.1
213.75,-0.061721039,0.1
214,0.180093555,0.1
214.25,0.142382828,0.1
214.5,0.040612279,0.1
214.75,0.097182829,0.1
215,-0.193496407,0.1
215.25,0.066086884,0.1
215.5,0.053547599,0.1
215.75,-0.210272004,0.1
216,-0.00389939,0.1
216.25,-0.077161892,0.1
216.5,-0.086486884,0.1
216.75,0.106929337,0.1
217,-0.037703815,0.1
217.25,-0.060837453,0.1
217.5,-0.045087963,0.1
217.75,0.030253013,0.1
218,0.142808648,0.1
218.25,0.038581633,0.1
218.5,0.139448366,0.1
218.75,-0.026755256,0.1
219,0.123225073,0.1
219.25,0.135127754,0.1
219.5,0.124271766,0.1
219.75,-0.097840202,0.1
220,0.074130104,0.1
220.25,-0.119751287,0.1
220.5,-0.065664644,0.1
220.75,0.085532274,0.1
221,0.055826275,0.1
221.25,0.123815707,0.1
221.5,-0.044809633,0.1
221.75,0.059486818,0.1
222,0.113569694,0.1
222.25,-0.001188783,0.1
222.5,0.081320108,0.1
222.75,0.107337085,0.1
223,-0.117309787,0.1
223.25,-0.159174959,0.1
223.5,0.044183033,0.1
223.75,0.01676378,0.1
224,-0.297488734,0.1
224.25,-0.267853482,0.1
224.5,-0.047694265,0.1
224.75,-0.248885791,0.1
225,-0.076136326,0.1
225.25,-0.061035595,0.1
225.5,-0.191466776,0.1
225.75,0.154915901,0.1
226,-0.261796198,0.1
226.25,0.211524982,0.1
226.5,-0.263778246,0.1
226.75,-0.164636783,0.1
227,0.012303096,0.1
227.25,-0.077112449,0.1
227.5,0.055810952,0.1
227.75,0.04411686,0.1
228,0.108989037,0.1
228.25,-0.042383992,0.1
228.5,0.015514908,0.1
228.75,0.157124168,0.1
229,-0.029044555,0.1
229.25,-0.004197239,0.1
229.5,-0.019136547,0.1
229.75,-0.027179665,0.1
230,-0.070851575,0.1
230.25,-0.103885102,0.1
230.5,0.129850821,0.1
230.75,0.057406607,0.1
231,-0.034877379,0.1
231.25,0.024003479,0.1
231.5,-0.019982914,0.1
231.75,-0.112792334,0.1
232,0.081645617,0.1
232.25,0.009793907,0.1
232.5,-0.097376841,0.1
232.75,0.013172332,0.1
233,0.104566189,0.1
233.25,0.115387329,0.1
233.5,0.06671748,0.1
233.75,-0.184750819,0.1
234,-0.06753965,0.1
234.25,0.046921882,0.1
234.5,-0.176965767,0.1
234.75,0.066350804,0.1
235,-0.177610038,0.1
235.25,0.069356645,0.1
235.5,-0.301774962,0.1
235.75,0.068049377,0.1
236,0.016696414,0.1
236.25,-0.141829558,0.1
236.5,-0.004791812,0.1
236.75,0.12497081,0.1
237,-0.060549513,0.1
237.25,-0.157645691,0.1
237.5,0.081679113,0.1
237.75,-0.170491334,0.1
238,-0.064409576,0.1
238.25,0.291234955,0.1
238.5,-0.051536791,0.1
238.75,-0.092177298,0.1
239,-0.094934268,0.1
239.25,-0.04363179,0.1
239.5,0.120788679,0.1
239.75,0.196957504,0.1
240,0.020254847,0.1
240.25,0.050881958,0.1
240.5,0.209544015,0.1
240.75,-0.049333543,0.1
241,-0.068648335,0.1
241.25,0.006179638,0.1
241.5,0.0266543,0.1
241.75,0.034611848,0.1
242,0.243826267,0.1
242.25,0.113682517,0.1
242.5,0.026473996,0.1
242.75,-0.197019508,0.1
243,0.004068624,0.1
243.25,-0.158845868,0.1
243.5,-0.128927638,0.1
243.75,0.072728502,0.1
244,-0.179874475,0.1
244.25,-0.004645112,0.1
244.5,0.138406105,0.1
244.75,0.047709744,0.1
245,-0.021637122,0.1
245.25,-0.086831368,0.1
245.5,-0.089306586,0.1
245.75,0.045312925,0.1
246,0.019473687,0.1
246.25,0.150499918,0.1
246.5,0.010691751,0.1
246.75,-0.025260605,0.1
247,0.052265435,0.1
247.25,0.006249104,0.1
247.5,-0.056250513,0.1
247.75,-0.076089768,0.1
248,0.108545855,0.1
248.25,0.00755078,0.1
248.5,-0.055694979,0.1
248.75,-0.263864541,0.1
249,0.122325421,0.1
249.25,-0.094172817,0.1
249.5,0.077628764,0.1
249.75,-0.180465765,0.1
250,0.022386048,0.1
250.25,0.109632872,0.1
250.5,0.001017045,0.1
250.75,-0.100523164,0.1
251,-0.139645441,0.1
251.25,0.017425241,0.1
251.5,0.045648489,0.1
251.75,-0.011527135,0.1
252,0.388525973,0.1
252.25,0.643564609,0.1
252.5,0.63900058,0.1
252.75,1.181705047,0.1
253,1.422280702,0.1
253.25,1.79662282,0.1
253.5,2.020762169,0.1
253.75,2.133141804,0.1
254,3.073988371,0.1
254.25,3.189910173,0.1
254.5,3.972933554,0.1
254.75,4.454276246,0.1
255,5.110727261,0.1
255.25,5.56077113,0.1
255.5,5.932123567,0.1
255.75,6.635614653,0.1
256,6.968844322,0.1
256.25,7.590872,0.1
256.5,7.971862009,0.1
256.75,8.603407761,0.1
257,8.818715371,0.1
257.25,9.188998133,0.1
257.5,9.629680594,0.1
257.75,9.913727022,0.1
258,10.39509494,0.1
258.25,10.76141082,0.1
258.5,11.09943352,0.1
258.75,11.13146546,0.1
259,11.1878048,0.1
259.25,11.46328195,0.1
259.5,11.52784813,0.1
259.75,11.72057254,0.1
260,12.15396902,0.1
260.25,12.1740172,0.1
260.5,12.36259195,0.1
260.75,12.43470257,0.1
261,12.6928433,0.1
261.25,12.67687712,0.1
261.5,12.72220905,0.1
261.75,12.95885965,0.1
262,13.0072507,0.1
262.25,12.871951,0.1
262.5,13.19769524,0.1
262.75,13.14767316,0.1
263,13.07284141,0.1
263.25,13.30846573,0.1
263.5,13.19304588,0.1
263.75,13.38267145,0.1
264,13.15491401,0.1
264.25,13.33465578,0.1
264.5,13.33796698,0.1
264.75,13.35795972,0.1
265,13.38186638,0.1
265.25,13.32534098,0.1
265.5,13.35669729,0.1
265.75,13.37753081,0.1
266,13.52696482,0.1
266.25,13.37757358,0.1
266.5,13.42475134,0.1
266.75,13.35731884,0.1
267,13.26121807,0.1
267.25,13.3055265,0.1
267.5,13.042345,0.1
267.75,13.15817218,0.1
268,13.14405204,0.1
268.25,13.19144984,0.1
268.5,13.13444145,0.1
268.75,13.18047158,0.1
269,13.04129751,0.1
269.25,13.35704099,0.1
269.5,13.32469149,0.1
269.75,13.22608867,0.1
270,13.26822302,0.1
270.25,13.06642288,0.1
270.5,12.96282721,0.1
270.75,13.05761817,0.1
271,13.10737791,0.1
271.25,12.83576193,0.1
271.5,13.10100024,0.1
271.75,13.09167776,0.1
272,12.91174325,0.1
272.25,12.98925247,0.1
272.5,12.8259305,0.1
272.75,12.88188209,0.1
273,12.8884321,0.1
273.25,12.79014106,0.1
273.5,12.88324531,0.1
273.75,12.79507886,0.1
274,12.62751415,0.1
274.25,12.50995555,0.1
274.5,12.59559455,0.1
274.75,12.57182258,0.1
275,12.61642027,0.1
275.25,12.62602441,0.1
275.5,12.42331545,0.1
275.75,12.63970297,0.1
276,12.50891427,0.1
276.25,12.51809678,0.1
276.5,12.40770644,0.1
276.75,12.84455198,0.1
277,12.26746582,0.1
277.25,12.51337492,0.1
277.5,12.33906209,0.1
277.75,12.56958325,0.1
278,12.49852347,0.1
278.25,12.46124347,0.1
278.5,12.41025122,0.1
278.75,12.3118624,0.1
279,12.34631573,0.1
279.25,12.42991089,0.1
279.5,12.46286627,0.1
279.75,12.23004923,0.1
280,12.27332775,0.1
280.25,12.46604455,0.1
280.5,12.43374621,0.1
280.75,12.14473283,0.1
281,12.37801697,0.1
281.25,12.40059877,0.1
281.5,12.3813274,0.1
281.75,12.10348575,0.1
282,12.29121548,0.1
282.25,12.52613458,0.1
282.5,12.17139885,0.1
282.75,12.10849254,0.1
283,12.50310004,0.1
283.25,12.06836532,0.1
283.5,12.37627027,0.1
283.75,12.1850885,0.1
284,12.28107574,0.1
284.25,12.14887497,0.1
284.5,12.19945809,0.1
284.75,12.21947607,0.1
285,12.2771193,0.1
285.25,12.18720708,0.1
285.5,12.11490664,0.1
285.75,12.14931002,0.1
286,12.06962158,0.1
286.25,12.15113312,0.1
286.5,12.18358969,0.1
286.75,12.35266211,0.1
287,12.1765723,0.1
287.25,12.34212364,0.1
287.5,12.36918048,0.1
287.75,12.38720177,0.1
288,12.46596197,0.1
288.25,12.33519753,0.1
288.5,12.47939615,0.1
288.75,12.48962382,0.1
289,12.43013374,0.1
289.25,12.55579051,0.1
289.5,12.31200565,0.1
289.75,12.31863776,0.1
290,12.47222208,0.1
290.25,12.16377787,0.1
290.5,12.18112085,0.1
290.75,12.13106695,0.1
291,12.0434719,0.1
291.25,12.0380889,0.1
291.5,11.73080406,0.1
291.75,11.44602598,0.1
292,11.00415476,0.1
292.25,11.03805004,0.1
292.5,10.52383257,0.1
292.75,10.35356093,0.1
293,10.05474662,0.1
293.25,9.646935572,0.1
293.5,9.287873833,0.1
293.75,8.800060609,0.1
294,8.567471974,0.1
294.25,8.171016363,0.1
294.5,8.203527494,0.1
294.75,7.728136287,0.1
295,7.477303522,0.1
295.25,7.073499568,0.1
295.5,6.786589148,0.1
295.75,6.36669109,0.1
296,6.368664043,0.1
296.25,6.354389409,0.1
296.5,5.991927924,0.1
296.75,5.665702982,0.1
297,5.747969847,0.1
297.25,5.552923354,0.1
297.5,5.448765816,0.1
297.75,5.290075556,0.1
298,5.004388704,0.1
298.25,5.201542487,0.1
298.5,4.979263756,0.1
298.75,5.024052386,0.1
299,4.768406751,0.1
299.25,4.587630414,0.1
299.5,4.68125456,0.1
299.75,4.686296393,0.1
300,4.507700766,0.1
300.25,4.221419371,0.1
300.5,4.482617789,0.1
300.75,4.240591764,0.1
301,3.876203932,0.1
301.25,4.236342473,0.1
301.5,4.067302421,0.1
301.75,4.051640472,0.1
302,4.061482183,0.1
302.25,3.796472328,0.1
302.5,3.70632594,0.1
302.75,3.839301585,0.1
303,3.532171989,0.1
303.25,3.670680107,0.1
303.5,3.609465924,0.1
303.75,3.569524167,0.1
304,3.417079175,0.1
304.25,3.391185856,0.1
304.5,3.417066848,0.1
304.75,3.222737014,0.1
305,3.36371802,0.1
305.25,3.225690948,0.1
305.5,3.060296919,0.1
305.75,3.110659638,0.1
306,3.221005741,0.1
306.25,3.121031915,0.1
306.5,3.009185411,0.1
306.75,3.098385229,0.1
307,2.857957352,0.1
307.25,3.095102397,0.1
307.5,2.732241956,0.1
307.75,2.823486853,0.1
308,2.717723475,0.1
308.25,2.64466314,0.1
308.5,2.757626809,0.1
308.75,2.560694789,0.1
309,2.834761755,0.1
309.25,2.410196712,0.1
309.5,2.580680572,0.1
309.75,2.400747931,0.1
310,2.545560731,0.1
310.25,2.35463989,0.1
310.5,2.349300264,0.1
310.75,2.469837788,0.1
311,2.412557872,0.1
311.25,2.359633517,0.1
311.5,2.257459432,0.1
311.75,2.233550207,0.1
312,2.355662418,0.1
312.25,2.207104297,0.1
312.5,2.15709105,0.1
312.75,2.282528407,0.1
313,2.17755971,0.1
313.25,2.013103822,0.1
313.5,2.182896439,0.1
313.75,2.020033627,0.1
314,2.213720146,0.1
314.25,2.105162164,0.1
314.5,1.955445333,0.1
314.75,2.0188651,0.1
315,2.113020465,0.1
315.25,2.049785829,0.1
315.5,1.932712262,0.1
315.75,1.88448984,0.1
316,1.983933738,0.1
316.25,1.81236685,0.1
316.5,1.962672746,0.1
316.75,1.765766078,0.1
317,1.673132231,0.1
317.25,1.883667498,0.1
317.5,1.603744496,0.1
317.75,1.640158288,0.1
318,1.799979629,0.1
318.25,1.648091858,0.1
318.5,1.662423124,0.1
318.75,1.703928696,0.1
319,1.728861303,0.1
319.25,1.508086244,0.1
319.5,1.471821391,0.1
319.75,1.548354386,0.1
320,1.691326156,0.1
320.25,1.562221223,0.1
320.5,1.496423624,0.1
320.75,1.520230778,0.1
321,1.417971261,0.1
321.25,1.545198424,0.1
321.5,1.425281214,0.1
321.75,1.329996552,0.1
322,1.48652813,0.1
322.25,1.56629481,0.1
322.5,1.224189212,0.1
322.75,1.365831421,0.1
323,1.166164416,0.1
323.25,1.191992953,0.1
323.5,1.433213128,0.1
323.75,1.389292314,0.1
324,1.484028969,0.1
324.25,1.20414565,0.1
324.5,1.290689894,0.1
324.75,1.148638139,0.1
325,1.314085508,0.1
325.25,1.215643408,0.1
325.5,1.242479063,0.1
325.75,1.510826529,0.1
326,1.074488904,0.1
326.25,1.223530951,0.1
326.5,1.172629112,0.1
326.75,0.914940871,0.1
327,0.951874347,0.1
327.25,1.244897215,0.1
327.5,0.93417034,0.1
327.75,1.045850034,0.1
328,1.243485186,0.1
328.25,1.202261464,0.1
328.5,1.106449331,0.1
328.75,0.959094877,0.1
329,1.04789619,0.1
329.25,1.158447674,0.1
329.5,1.130173165,0.1
329.75,0.80277846,0.1
330,0.885044161,0.1
330.25,0.993324026,0.1
330.5,0.979672615,0.1
330.75,0.986387015,0.1
331,0.916336078,0.1
331.25,0.875460594,0.1
331.5,1.00206592,0.1
331.75,0.91564073,0.1
332,1.084281921,0.1
332.25,0.681927193,0.1
332.5,0.840305547,0.1
332.75,0.880141252,0.1
333,1.274407121,0.1
333.25,0.999092517,0.1
333.5,0.905466444,0.1
333.75,0.949403385,0.1
334,0.767487645,0.1
334.25,0.549878529,0.1
334.5,0.655617308,0.1
334.75,0.755828048,0.1
335,0.794031904,0.1
335.25,0.919961169,0.1
335.5,0.679014412,0.1
335.75,0.928700128,0.1
336,0.555153584,0.1
336.25,0.636533432,0.1
336.5,0.924051985,0.1
336.75,0.925017896,0.1
337,0.542035166,0.1
337.25,0.816925093,0.1
337.5,0.697274638,0.1
337.75,0.729061662,0.1
338,0.793494475,0.1
338.25,0.714474324,0.1
338.5,0.615666838,0.1
338.75,0.579232974,0.1
339,0.512860725,0.1
339.25,0.581399526,0.1
339.5,0.894817641,0.1
339.75,0.671703496,0.1
340,0.646825941,0.1
340.25,0.556290493,0.1
340.5,0.479713729,0.1
340.75,0.437302611,0.1
341,0.678088112,0.1
341.25,0.508132986,0.1
341.5,0.637600079,0.1
341.75,0.359682783,0.1
342,0.505706301,0.1
342.25,0.575424381,0.1
342.5,0.409077198,0.1
342.75,0.408427221,0.1
343,0.440543116,0.1
343.25,0.687538668,0.1
343.5,0.845175071,0.1
343.75,0.78461786,0.1
344,0.508728966,0.1
344.25,0.536831681,0.1
344.5,0.665384515,0.1
344.75,0.675601665,0.1
345,0.331180521,0.1
345.25,0.648114419,0.1
345.5,0.358095153,0.1
345.75,0.498005024,0.1
346,0.446267081,0.1
346.25,0.282336908,0.1
346.5,0.302836729,0.1
346.75,0.509611992,0.1
347,0.493744736,0.1
347.25,0.496090163,0.1
347.5,0.60040947,0.1
347.75,0.457224687,0.1
348,0.346205251,0.1
348.25,0.510877013,0.1
348.5,0.4151208,0.1
348.75,0.41045028,0.1
349,0.428980552,0.1
349.25,0.399638272,0.1
349.5,0.29672156,0.1
349.75,0.358743976,0.1
350,0.464780371,0.1
350.25,0.253533641,0.1
350.5,0.528343267,0.1
350.75,0.464020594,0.1
351,0.449362941,0.1
351.25,0.383609491,0.1
351.5,0.453111004,0.1
351.75,0.146533229,0.1
352,0.319396509,0.1
352.25,0.269151939,0.1
352.5,0.237523028,0.1
352.75,0.498939192,0.1
353,0.492273407,0.1
353.25,0.696109766,0.1
353.5,0.247575349,0.1
353.75,0.442771804,0.1
354,0.303158956,0.1
354.25,0.20262101,0.1
354.5,0.314728521,0.1
354.75,0.330524956,0.1
355,0.049147354,0.1
355.25,0.216418412,0.1
355.5,0.375600608,0.1
355.75,0.248954599,0.1
356,0.407802893,0.1
356.25,0.252859448,0.1
356.5,0.427345421,0.1
356.75,0.377813052,0.1
357,0.190074089,0.1
357.25,0.235102072,0.1
357.5,0.25878247,0.1
357.75,0.244256242,0.1
358,0.338154876,0.1
358.25,0.222205299,0.1
358.5,0.402532723,0.1
358.75,0.310924672,0.1
359,0.38586117,0.1
359.25,0.311506514,0.1
359.5,0.289829733,0.1
359.75,0.445697437,0.1
360,0.301076808,0.1
360.25,0.158079611,0.1
360.5,0.34949551,0.1
360.75,0.125430282,0.1
361,0.387223469,0.1
361.25,0.27328241,0.1
361.5,0.34841621,0.1
361.75,0.376808499,0.1
362,0.147271744,0.1
362.25,0.42559974,0.1
362.5,0.169958341,0.1
362.75,0.322772951,0.1
363,0.195147811,0.1
363.25,0.234359005,0.1
363.5,0.159715416,0.1
363.75,0.262386352,0.1
364,0.045839034,0.1
364.25,0.397166498,0.1
364.5,0.221549575,0.1
364.75,0.222705382,0.1
365,0.0726077,0.1
365.25,0.100057785,0.1
365.5,0.329358454,0.1
365.75,0.092015348,0.1
366,0.179186817,0.1
366.25,0.129636209,0.1
366.5,-0.005328301,0.1
366.75,0.203673173,0.1
367,-0.08442985,0.1
367.25,0.185215751,0.1
367.5,0.176502893,0.1
367.75,0.313763014,0.1
368,0.070500318,0.1
368.25,0.08830058,0.1
368.5,0.149471196,0.1
368.75,0.184773476,0.1
369,0.088008054,0.1
369.25,0.061343858,0.1
369.5,0.218508653,0.1
369.75,0.254885785,0.1
370,0.149033958,0.1
370.25,-0.058215169,0.1
370.5,0.119220803,0.1
370.75,0.1962077,0.1
371,0.163627657,0.1
371.25,0.02987294,0.1
371.5,0.114623496,0.1
371.75,0.058214599,0.1
372,0.270333424,0.1
372.25,0.136074609,0.1
372.5,0.152982902,0.1
372.75,-0.031917197,0.1
373,0.152099664,0.1
373.25,-0.062364036,0.1
373.5,0.25499427,0.1
373.75,0.214694697,0.1
374,0.182020801,0.1
374.25,-0.054049768,0.1
374.5,0.014760471,0.1
374.75,0.011208691,0.1
375,0.034752932,0.1
375.25,0.134661613,0.1
375.5,0.229133193,0.1
375.75,0.393333194,0.1
376,0.099241641,0.1
376.25,0.000456206,0.1
376.5,-0.132418868,0.1
376.75,0.024629599,0.1
377,0.166144455,0.1
377.25,-0.049204731,0.1
377.5,0.266443911,0.1
377.75,0.120562922,0.1
378,0.055586893,0.1
378.25,0.194052511,0.1
378.5,0.051711322,0.1
378.75,-0.063354825,0.1
379,0.113721119,0.1
379.25,0.056511459,0.1
379.5,0.116644314,0.1
379.75,-0.126792071,0.1
380,0.093231824,0.1
380.25,0.068642146,0.1
380.5,0.109529344,0.1
380.75,-0.101423245,0.1
381,0.24319788,0.1
381.25,0.033134077,0.1
381.5,0.177982019,0.1
381.75,0.087798695,0.1
382,0.003404046,0.1
382.25,0.042273126,0.1
382.5,0.267940636,0.1
382.75,0.098572549,0.1
383,0.222251975,0.1
383.25,0.142638778,0.1
383.5,0.100650288,0.1
383.75,0.166586873,0.1
384,-0.103039726,0.1
384.25,0.094332009,0.1
384.5,0.095898385,0.1
384.75,0.259149306,0.1
385,0.113621862,0.1
385.25,0.225388914,0.1
385.5,-0.363775572,0.1
385.75,-0.015047359,0.1
386,-0.038157449,0.1
386.25,0.131765439,0.1
386.5,0.185633703,0.1
386.75,-0.023248725,0.1
387,0.092668445,0.1
387.25,0.185825945,0.1
387.5,-0.013909598,0.1
387.75,0.35782316,0.1
388,-0.164216352,0.1
388.25,0.077510437,0.1
388.5,0.011400029,0.1
388.75,0.168220968,0.1
389,0.008621284,0.1
389.25,0.033909941,0.1
389.5,0.266114017,0.1
389.75,0.054931131,0.1
390,0.250707986,0.1
390.25,0.001835209,0.1
390.5,0.201050523,0.1
390.75,0.093563603,0.1
391,-0.139593346,0.1
391.25,-0.106501922,0.1
391.5,-0.056007121,0.1
391.75,-0.100127021,0.1
392,0.104478863,0.1
392.25,-0.034148296,0.1
392.5,0.040870397,0.1
392.75,-0.051374939,0.1
393,0.064247117,0.1
393.25,0.21689881,0.1
393.5,-0.191142863,0.1
393.75,0.14997926,0.1
394,0.174819718,0.1
394.25,-0.18878845,0.1
394.5,0.130535483,0.1
394.75,0.194531567,0.1
395,-0.059764384,0.1
395.25,0.088760339,0.1
395.5,-0.089042849,0.1
395.75,0.008800097,0.1
396,0.046038334,0.1
396.25,-0.021560381,0.1
396.5,0.061713676,0.1
396.75,0.09285222,0.1
397,-0.136140515,0.1
397.25,0.126615587,0.1
397.5,0.030191786,0.1
397.75,0.154048743,0.1
398,0.112779717,0.1
398.25,-0.115607477,0.1
398.5,-0.10996578,0.1
398.75,0.04178675,0.1
399,0.053704989,0.1
399.25,0.239145612,0.1
399.5,0.196627051,0.1
399.75,0.100395692,0.1
400,-0.043181992,0.1
400.25,-0.01490809,0.1
400.5,0.029139231,0.1
400.75,-0.076683202,0.1
401,0.271146778,0.1
401.25,0.010249577,0.1
401.5,0.01719261,0.1
401.75,-0.058863186,0.1
402,-0.112217205,0.1
402.25,0.103659599,0.1
402.5,-0.03136326,0.1
402.75,0.168352767,0.1
403,0.138495438,0.1
403.25,0.095678784,0.1
403.5,0.023087013,0.1
403.75,-0.088466922,0.1
404,0.08490186,0.1
404.25,0.010718571,0.1
404.5,-0.051352888,0.1
404.75,0.103126232,0.1
405,-0.029410142,0.1
405.25,0.005679459,0.1
405.5,-0.133292758,0.1
405.75,-0.159030351,0.1
406,0.110981269,0.1
406.25,-0.01299189,0.1
406.5,0.230810322,0.1
406.75,0.108124274,0.1
407,-0.120767039,0.1
407.25,0.141537515,0.1
407.5,0.210080915,0.1
407.75,-0.360030019,0.1
408,0.099765836,0.1
408.25,-0.23441401,0.1
408.5,0.164221727,0.1
408.75,-0.005449258,0.1
409,-0.064157098,0.1
409.25,-0.01870494,0.1
409.5,-0.140031194,0.1
409.75,-0.043026295,0.1
410,0.105107563,0.1
410.25,-0.043794619,0.1
410.5,0.129925343,0.1
410.75,0.085215066,0.1
411,-0.033498559,0.1
411.25,0.128298426,0.1
411.5,0.022575401,0.1
411.75,-0.03418065,0.1
412,0.009517375,0.1
412.25,0.006629293,0.1
412.5,-0.022646324,0.1
412.75,-0.136134217,0.1
413,-0.153922539,0.1
413.25,-0.128850333,0.1
413.5,0.012728224,0.1
413.75,-0.063249244,0.1
414,-0.075350979,0.1
414.25,0.12741607,0.1
414.5,0.153097197,0.1
414.75,0.2969787,0.1
415,-0.014784383,0.1
415.25,0.021749322,0.1
415.5,0.062254321,0.1
415.75,0.196952578,0.1
416,-0.070743731,0.1
416.25,-0.030281624,0.1
416.5,0.037235557,0.1
416.75,0.026995274,0.1
417,0.016803286,0.1
417.25,0.050230494,0.1
417.5,-0.031457358,0.1
417.75,-0.09520442,0.1
418,-0.085906067,0.1
418.25,0.097274063,0.1
418.5,-0.23112976,0.1
418.75,-0.034354801,0.1
419,-0.129282912,0.1
419.25,-0.1885013,0.1
419.5,-0.050983293,0.1
419.75,0.059795236,0.1
420,-0.07628107,0.1
420.25,-0.027107412,0.1
420.5,-0.017510399,0.1
420.75,0.045145153,0.1
421,0.195064332,0.1
421.25,-0.170998589,0.1
421.5,-0.183233926,0.1
421.75,-0.034512623,0.1
422,0.059870305,0.1
422.25,-0.092359487,0.1
422.5,-0.300663093,0.1
422.75,-0.26006368,0.1
423,0.145920954,0.1
423.25,-0.018853031,0.1
423.5,-0.155971519,0.1
423.75,0.044725141,0.1
424,0.062562908,0.1
424.25,-0.025352867,0.1
424.5,-0.15542071,0.1
424.75,-0.065940203,0.1
425,-0.005616861,0.1
425.25,0.072330544,0.1
425.5,-0.210107006,0.1
425.75,-0.034752622,0.1
426,-0.06662796,0.1
426.25,-0.056122859,0.1
426.5,-0.14047943,0.1
426.75,-0.132853519,0.1
427,-0.064139115,0.1
427.25,-0.072970488,0.1
427.5,0.051987931,0.1
427.75,0.034056229,0.1
428,-0.078315003,0.1
428.25,-0.001868352,0.1
428.5,8.48E-05,0.1
428.75,0.019484635,0.1
429,0.161004025,0.1
429.25,0.116873388,0.1
429.5,0.044229304,0.1
429.75,-0.11696071,0.1
430,-0.041598009,0.1
430.25,0.013896218,0.1
430.5,0.092147717,0.1
430.75,0.073570441,0.1
431,0.015000298,0.1
431.25,0.086145312,0.1
431.5,0.033955105,0.1
431.75,-0.019579695,0.1
432,-0.030982144,0.1
432.25,0.28295385,0.1
432.5,-0.127244781,0.1
432.75,0.034250808,0.1
433,-0.160492237,0.1
433.25,-0.174412266,0.1
433.5,0.041414524,0.1
433.75,0.025909232,0.1
434,-0.088938756,0.1
434.25,0.134877274,0.1
434.5,-0.036435854,0.1
434.75,-0.042957072,0.1
435,0.124365769,0.1
435.25,0.143397662,0.1
435.5,-0.154626044,0.1
435.75,-0.056386724,0.1
436,0.016222383,0.1
436.25,-0.073961887,0.1
436.5,0.018161932,0.1
436.75,-0.191993116,0.1
437,-0.06361499,0.1
437.25,0.264445912,0.1
437.5,0.054329569,0.1
437.75,0.23977854,0.1
438,-0.166916813,0.1
438.25,0.132699066,0.1
438.5,0.092738807,0.1
438.75,-0.087209036,0.1
439,0.005316911,0.1
439.25,0.275216755,0.1
439.5,0.101788672,0.1
439.75,-0.049902592,0.1
440,0.09036339,0.1
440.25,0.043818243,0.1
440.5,0.139978155,0.1
440.75,-0.065926829,0.1
441,-0.065165157,0.1
441.25,0.087150599,0.1
441.5,0.034666965,0.1
441.75,0.211977091,0.1
442,-0.146985874,0.1
442.25,0.126577248,0.1
442.5,0.094649796,0.1
442.75,-0.17447652,0.1
443,0.034692644,0.1
443.25,0.1514368,0.1
443.5,0.186767984,0.1
443.75,0.115135273,0.1
444,0.105380629,0.1
444.25,-0.003053101,0.1
444.5,0.163475219,0.1
444.75,-0.080757666,0.1
445,-0.028804983,0.1
445.25,0.154512396,0.1
445.5,0.212967032,0.1
445.75,0.035849844,0.1
446,0.113469253,0.1
446.25,0.03367306,0.1
446.5,0.304355717,0.1
446.75,-0.089564537,0.1
447,-0.033684002,0.1
447.25,-0.10820758,0.1
447.5,-0.147420423,0.1
447.75,0.017652977,0.1
448,-0.011297579,0.1
448.25,-0.049379914,0.1
448.5,-0.17016662,0.1
448.75,0.26990043,0.1
449,-0.044748072,0.1
449.25,-0.033574843,0.1
449.5,0.241198228,0.1
449.75,-0.112983827,0.1
450,-0.002412805,0.1
450.25,-0.015749412,0.1
450.5,-0.13285125,0.1
450.75,0.05828994,0.1
451,-0.335870996,0.1
451.25,0.269871423,0.1
451.5,0.21761674,0.1
451.75,0.003585881,0.1
452,0.100363439,0.1
452.25,-0.1894518,0.1
452.5,-0.137484798,0.1
452.75,-0.052345617,0.1
453,-0.133585596,0.1
453.25,-0.048624193,0.1
453.5,0.079840396,0.1
453.75,-0.240682727,0.1
454,0.058717879,0.1
454.25,0.145131649,0.1
454.5,-0.260375836,0.1
454.75,0.086358986,0.1
455,-0.0825478,0.1
455.25,-0.115278637,0.1
455.5,0.088674963,0.1
455.75,0.027090598,0.1
456,-0.160884403,0.1
456.25,0.107983189,0.1
456.5,-0.076994222,0.1
456.75,-0.087518308,0.1
457,0.058323452,0.1
457.25,0.008364533,0.1
457.5,0.087770497,0.1
457.75,-0.107758757,0.1
458,-0.040716382,0.1
458.25,0.12067888,0.1
458.5,0.108618424,0.1
458.75,0.014323753,0.1
459,-0.047016749,0.1
459.25,-0.139874783,0.1
459.5,0.023721491,0.1
459.75,-0.154299447,0.1
460,-0.053265079,0.1
460.25,0.044909691,0.1
460.5,-0.034760376,0.1
460.75,-0.047559236,0.1
461,0.039103631,0.1
461.25,0.057308918,0.1
461.5,0.043366777,0.1
461.75,-0.071493507,0.1
462,0.091839455,0.1
462.25,-0.019614835,0.1
462.5,0.056060521,0.1
462.75,-0.107781835,0.1
463,-0.09968676,0.1
463.25,0.061734761,0.1
463.5,-0.010449662,0.1
463.75,0.06650777,0.1
464,-0.162105998,0.1
464.25,-0.103155102,0.1
464.5,-0.094425436,0.1
464.75,0.081101491,0.1
465,0.022741738,0.1
465.25,0.103169782,0.1
465.5,-0.109240992,0.1
465.75,-0.03005127,0.1
466,-0.317115872,0.1
466.25,-0.000192868,0.1
466.5,-0.126800729,0.1
466.75,-0.100967763,0.1
467,-0.040568175,0.1
467.25,0.272455392,0.1
467.5,0.088197089,0.1
467.75,0.140739974,0.1
468,0.071055112,0.1
468.25,0.002727819,0.1
468.5,-0.058603917,0.1
468.75,-0.084224192,0.1
469,0.053984445,0.1
469.25,0.071324094,0.1
469.5,0.097723805,0.1
469.75,0.12861344,0.1
470,-0.1135467,0.1
470.25,-0.031746915,0.1
470.5,0.021953015,0.1
470.75,-0.074354423,0.1
471,0.067017266,0.1
471.25,-0.097826683,0.1
471.5,-0.109671724,0.1
471.75,0.024797384,0.1
472,0.184225599,0.1
472.25,0.042989451,0.1
472.5,0.002930764,0.1
472.75,-0.082161957,0.1
473,-0.079434328,0.1
473.25,0.102114792,0.1
473.5,0.013666485,0.1
473.75,-0.148350736,0.1
474,0.005881847,0.1
474.25,-0.065367948,0.1
474.5,-0.170769438,0.1
474.75,-0.092054916,0.1
475,0.119946173,0.1
475.25,-0.070686815,0.1
475.5,0.065076256,0.1
475.75,0.104007571,0.1
476,-0.167068557,0.1
476.25,-0.122072319,0.1
476.5,-0.099842427,0.1
476.75,-0.01808786,0.1
477,0.047307381,0.1
477.25,-0.204900009,0.1
477.5,-0.002804414,0.1
477.75,-0.107336978,0.1
478,0.211308672,0.1
478.25,-0.163448308,0.1
478.5,0.065969053,0.1
478.75,0.116109218,0.1
479,-0.037294457,0.1
479.25,-0.003441196,0.1
479.5,0.102305065,0.1
479.75,-0.095482843,0.1
480,0.167068973,0.1
480.25,-0.119209363,0.1
480.5,0.062202683,0.1
480.75,0.036320257,0.1
481,0.064096697,0.1
481.25,-0.146143431,0.1
481.5,0.107438044,0.1
481.75,0.038683784,0.1
482,-0.0103787,0.1
482.25,0.091044806,0.1
482.5,-0.013716308,0.1
482.75,0.035321203,0.1
483,-0.131552436,0.1
483.25,0.061389071,0.1
483.5,-0.07760491,0.1
483.75,0.160494821,0.1
484,-0.03263097,0.1
484.25,-0.064829503,0.1
484.5,0.052200701,0.1
484.75,0.015028953,0.1
485,0.026927972,0.1
485.25,-0.073444756,0.1
485.5,0.059678231,0.1
485.75,0.066412609,0.1
486,0.02133508,0.1
486.25,-0.107365728,0.1
486.5,-0.094990242,0.1
486.75,-0.08453928,0.1
487,0.148569884,0.1
487.25,-0.015644716,0.1
487.5,-0.001346543,0.1
487.75,0.055064467,0.1
488,0.122753265,0.1
488.25,-0.129863785,0.1
488.5,0.094188611,0.1
488.75,0.017291073,0.1
489,0.084571131,0.1
489.25,0.072360478,0.1
489.5,-0.039106666,0.1
489.75,-0.108501259,0.1
490,0.097069106,0.1
490.25,0.055640719,0.1
490.5,-0.119532824,0.1
490.75,0.080778461,0.1
491,0.05530454,0.1
491.25,-0.041344657,0.1
491.5,-0.025383224,0.1
491.75,0.058097106,0.1
492,0.172212806,0.1
492.25,0.034942339,0.1
492.5,0.062564979,0.1
492.75,0.212697069,0.1
493,0.010720052,0.1
493.25,-0.100685469,0.1
493.5,-0.100898342,0.1
493.75,-0.048852728,0.1
494,0.091068936,0.1
494.25,-0.137056722,0.1
494.5,0.118973092,0.1
494.75,0.063997241,0.1
495,0.15951091,0.1
495.25,-0.166855188,0.1
495.5,-0.054454317,0.1
495.75,-0.052658842,0.1
496,0.069936144,0.1
496.25,-0.012532955,0.1
496.5,-0.167656672,0.1
496.75,0.012887846,0.1
497,0.005668175,0.1
497.25,-0.003564308,0.1
497.5,-0.063812022,0.1
497.75,0.052722787,0.1
498,0.035551514,0.1
498.25,0.022802863,0.1
498.5,-0.0223693,0.1
498.75,0.124615959,0.1
499,0.029805375,0.1
499.25,-0.253304995,0.1
499.5,-0.038022347,0.1
499.75,0.026218809,0.1
500,0.059735817,0.1
