t,Cb,x
0,0.227807999,0.1
0.25,0.082099865,0.1
0.5,0.063098173,0.1
0.75,0.016263566,0.1
1,0.148471843,0.1
1.25,-0.127912151,0.1
1.5,0.123290077,0.1
1.75,0.178170813,0.1
2,-0.028115323,0.1
2.25,0.056090636,0.1
2.5,0.062599418,0.1
2.75,0.347524663,0.1
3,-0.109064646,0.1
3.25,-0.0263933,0.1
3.5,0.005295252,0.1
3.75,0.013158711,0.1
4,-0.003565702,0.1
4.25,0.061636875,0.1
4.5,0.12818621,0.1
4.75,0.126350815,0.1
5,-0.177345244,0.1
5.25,0.156380363,0.1
5.5,0.215085079,0.1
5.75,-0.188146782,0.1
6,-0.094941594,0.1
6.25,0.041857379,0.1
6.5,0.214154693,0.1
6.75,0.354869484,0.1
7,-0.271529617,0.1
7.25,-0.079460285,0.1
7.5,0.166355491,0.1
7.75,0.052026857,0.1
8,0.170681636,0.1
8.25,0.126779473,0.1
8.5,0.002450753,0.1
8.75,-0.11919306,0.1
9,-0.076337837,0.1
9.25,-0.348038504,0.1
9.5,-0.009294219,0.1
9.75,0.020320909,0.1
10,-0.142323857,0.1
10.25,-0.172081852,0.1
10.5,0.149810672,0.1
10.75,-0.055070092,0.1
11,0.022969694,0.1
11.25,-0.027990564,0.1
11.5,-0.052779634,0.1
11.75,-0.074547107,0.1
12,-0.066561329,0.1
12.25,0.129309761,0.1
12.5,0.111262308,0.1
12.75,0.154799524,0.1
13,-0.224234559,0.1
13.25,0.010627208,0.1
13.5,0.102771745,0.1
13.75,0.053559316,0.1
14,0.193311119,0.1
14.25,-0.096635815,0.1
14.5,-0.133077112,0.1
14.75,-0.075311068,0.1
15,-0.007594818,0.1
15.25,0.111059571,0.1
15.5,0.01222656,0.1
15.75,0.007681662,0.1
16,0.017340337,0.1
16.25,-0.119197011,0.1
16.5,0.058735459,0.1
16.75,0.113340107,0.1
17,0.0901598,0.1
17.25,-0.187077319,0.1
17.5,-0.15438854,0.1
17.75,-0.174092549,0.1
18,0.0459897,0.1
18.25,0.025140781,0.1
18.5,0.081484112,0.1
18.75,-0.027827396,0.1
19,0.012458047,0.1
19.25,0.155229047,0.1
19.5,0.122620119,0.1
19.75,0.096290426,0.1
20,-0.145731006,0.1
20.25,0.137226883,0.1
20.5,-0.101875346,0.1
20.75,0.04499753,0.1
21,-0.108849631,0.1
21.25,-0.080573469,0.1
21.5,0.054144705,0.1
21.75,-0.136772737,0.1
22,0.062638196,0.1
22.25,-0.047640165,0.1
22.5,0.023959912,0.1
22.75,0.187329433,0.1
23,-0.027107519,0.1
23.25,-0.189003458,0.1
23.5,-0.086936268,0.1
23.75,-0.069901522,0.1
24,-0.05581324,0.1
24.25,-0.3140698,0.1
24.5,0.03058043,0.1
24.75,-0.101270434,0.1
25,-0.187652088,0.1
25.25,-0.10797261,0.1
25.5,-0.025318401,0.1
25.75,0.10074612,0.1
26,-0.178889425,0.1
26.25,-0.108148607,0.1
26.5,0.264858511,0.1
26.75,0.103825697,0.1
27,0.206475673,0.1
27.25,0.017419097,0.1
27.5,-0.087005076,0.1
27.75,-0.033394986,0.1
28,0.08597696,0.1
28.25,0.16813453,0.1
28.5,-0.065408024,0.1
28.75,-0.037863258,0.1
29,-0.062037666,0.1
29.25,-0.160564414,0.1
29.5,-0.039743522,0.1
29.75,-0.032230937,0.1
30,-0.178058346,0.1
30.25,-0.013188525,0.1
30.5,0.164457472,0.1
30.75,0.122662676,0.1
31,-0.072721631,0.1
31.25,-0.232847123,0.1
31.5,0.062469413,0.1
31.75,-0.040797885,0.1
32,0.08844104,0.1
32.25,-0.273183948,0.1
32.5,0.051164882,0.1
32.75,-0.227680637,0.1
33,0.258869181,0.1
33.25,-0.130525158,0.1
33.5,-0.031921109,0.1
33.75,0.116616766,0.1
34,-0.051386209,0.1
34.25,0.156059567,0.1
34.5,-0.073925148,0.1
34.75,0.074348729,0.1
35,-0.035210671,0.1
35.25,0.213839682,0.1
35.5,0.033231751,0.1
35.75,0.003211178,0.1
36,0.014955531,0.1
36.25,0.030241932,0.1
36.5,-0.096472166,0.1
36.75,0.172107191,0.1
37,0.039698666,0.1
37.25,-0.017236689,0.1
37.5,0.116573552,0.1
37.75,0.026282617,0.1
38,-0.293052337,0.1
38.25,0.240439561,0.1
38.5,0.002473281,0.1
38.75,-0.100801705,0.1
39,-0.058288988,0.1
39.25,0.167493296,0.1
39.5,0.172643474,0.1
39.75,-0.027006796,0.1
40,0.011018209,0.1
40.25,0.134899192,0.1
40.5,0.265501498,0.1
40.75,0.178265946,0.1
41,0.167804031,0.1
41.25,0.065782738,0.1
41.5,-0.072193784,0.1
41.75,-0.011152175,0.1
42,-0.090968063,0.1
42.25,-0.100008275,0.1
42.5,-0.001387363,0.1
42.75,-0.123096404,0.1
43,-0.099844957,0.1
43.25,0.108118396,0.1
43.5,0.190714995,0.1
43.75,0.222652265,0.1
44,-0.119339454,0.1
44.25,0.119082296,0.1
44.5,0.111647595,0.1
44.75,-0.065052158,0.1
45,-0.025421705,0.1
45.25,0.208705073,0.1
45.5,0.140269373,0.1
45.75,-0.033375151,0.1
46,0.191017906,0.1
46.25,-0.14138161,0.1
46.5,-0.11680588,0.1
46.75,-0.051015428,0.1
47,-0.009971272,0.1
47.25,0.00372068,0.1
47.5,0.042472245,0.1
47.75,-0.154011498,0.1
48,0.050462379,0.1
48.25,0.144778954,0.1
48.5,0.046725178,0.1
48.75,0.19425296,0.1
49,0.136617594,0.1
49.25,0.094180065,0.1
49.5,0.162290783,0.1
49.75,0.153305425,0.1
50,-0.126817069,0.1
50.25,-0.023916312,0.1
50.5,0.014203003,0.1
50.75,-0.149475403,0.1
51,-0.106272645,0.1
51.25,0.046867026,0.1
51.5,-0.000970719,0.1
51.75,-0.138290621,0.1
52,-0.019695404,0.1
52.25,-0.139990682,0.1
52.5,-0.090449416,0.1
52.75,-0.00095847,0.1
53,0.040439078,0.1
53.25,0.161852668,0.1
53.5,0.296135259,0.1
53.75,0.477811348,0.1
54,0.625604656,0.1
54.25,0.513676144,0.1
54.5,0.886350893,0.1
54.75,0.978808407,0.1
55,1.125645641,0.1
55.25,1.478039225,0.1
55.5,1.476287243,0.1
55.75,1.680347829,0.1
56,1.879928449,0.1
56.25,1.995183874,0.1
56.5,2.445811829,0.1
56.75,2.33152874,0.1
57,2.681185104,0.1
57.25,3.062450856,0.1
57.5,3.242941206,0.1
57.75,3.332798578,0.1
58,3.443811487,0.1
58.25,3.842865817,0.1
58.5,3.986092087,0.1
58.75,4.101276201,0.1
59,4.382130766,0.1
59.25,4.55261495,0.1
59.5,4.687753402,0.1
59.75,4.901106953,0.1
60,4.987028391,0.1
60.25,5.27351169,0.1
60.5,5.325637489,0.1
60.75,5.45900259,0.1
61,5.366920274,0.1
61.25,5.70316047,0.1
61.5,5.430628288,0.1
61.75,5.472052088,0.1
62,5.533747922,0.1
62.25,5.561731072,0.1
62.5,5.385351271,0.1
62.75,5.388454792,0.1
63,5.401463457,0.1
63.25,5.108822129,0.1
63.5,5.058511908,0.1
63.75,4.890013174,0.1
64,4.711416966,0.1
64.25,4.610104872,0.1
64.5,4.64605227,0.1
64.75,4.16003591,0.1
65,4.28505982,0.1
65.25,4.043278734,0.1
65.5,4.076141451,0.1
65.75,3.687118151,0.1
66,3.82217604,0.1
66.25,3.641042016,0.1
66.5,3.64808071,0.1
66.75,3.309490247,0.1
67,3.454317662,0.1
67.25,3.439013791,0.1
67.5,3.445165522,0.1
67.75,3.468418485,0.1
68,3.286586684,0.1
68.25,3.159771841,0.1
68.5,3.295323884,0.1
68.75,3.314137312,0.1
69,3.40844888,0.1
69.25,3.202592305,0.1
69.5,2.918164234,0.1
69.75,3.228421716,0.1
70,3.164994626,0.1
70.25,3.128217406,0.1
70.5,3.222180024,0.1
70.75,3.13059885,0.1
71,2.826498333,0.1
71.25,3.158040183,0.1
71.5,3.263194111,0.1
71.75,3.115358119,0.1
72,2.730442659,0.1
72.25,3.198156131,0.1
72.5,2.879557806,0.1
72.75,2.948270024,0.1
73,2.942817752,0.1
73.25,2.919223335,0.1
73.5,2.874582002,0.1
73.75,2.760075445,0.1
74,3.003934932,0.1
74.25,2.886947323,0.1
74.5,2.704175268,0.1
74.75,2.558329532,0.1
75,2.795083147,0.1
75.25,2.852090687,0.1
75.5,2.599985754,0.1
75.75,2.558458268,0.1
76,2.855857038,0.1
76.25,2.519564138,0.1
76.5,2.515498271,0.1
76.75,2.664116258,0.1
77,2.836228269,0.1
77.25,2.420186624,0.1
77.5,2.593533181,0.1
77.75,2.461251591,0.1
78,2.316933792,0.1
78.25,2.526721299,0.1
78.5,2.543793423,0.1
78.75,2.524241756,0.1
79,2.475327017,0.1
79.25,2.390453283,0.1
79.5,2.420930654,0.1
79.75,2.743604581,0.1
80,2.468071547,0.1
80.25,2.540414987,0.1
80.5,2.568317754,0.1
80.75,2.463866932,0.1
81,2.456657005,0.1
81.25,2.307915124,0.1
81.5,2.372205262,0.1
81.75,2.595464087,0.1
82,2.215139265,0.1
82.25,2.398690359,0.1
82.5,2.438760705,0.1
82.75,2.250648305,0.1
83,2.219583547,0.1
83.25,2.37873227,0.1
83.5,2.47558138,0.1
83.75,2.130536218,0.1
84,2.193423927,0.1
84.25,2.388773692,0.1
84.5,2.182456524,0.1
84.75,2.260429974,0.1
85,2.074484559,0.1
85.25,2.249243354,0.1
85.5,2.113213512,0.1
85.75,2.130384894,0.1
86,2.20475209,0.1
86.25,2.12590793,0.1
86.5,2.119010061,0.1
86.75,2.176255291,0.1
87,1.951050452,0.1
87.25,2.216323718,0.1
87.5,2.243959595,0.1
87.75,1.945673298,0.1
88,1.964392586,0.1
88.25,1.889612453,0.1
88.5,2.11620559,0.1
88.75,2.258018529,0.1
89,2.066997385,0.1
89.25,1.982790953,0.1
89.5,2.109267027,0.1
89.75,2.056846484,0.1
90,1.966291467,0.1
90.25,1.989211699,0.1
90.5,1.985044676,0.1
90.75,2.09067684,0.1
91,1.978073785,0.1
91.25,2.069218784,0.1
91.5,1.977173988,0.1
91.75,1.902336907,0.1
92,1.744118487,0.1
92.25,1.997414454,0.1
92.5,1.925107721,0.1
92.75,1.803167619,0.1
93,1.718522352,0.1
93.25,1.744446904,0.1
93.5,2.005275326,0.1
93.75,1.763119545,0.1
94,1.936049546,0.1
94.25,1.707513272,0.1
94.5,1.697247617,0.1
94.75,1.688309573,0.1
95,2.006969256,0.1
95.25,1.914018908,0.1
95.5,1.711091374,0.1
95.75,1.852699172,0.1
96,1.845887395,0.1
96.25,1.736978235,0.1
96.5,1.997488978,0.1
96.75,1.90006077,0.1
97,1.587044523,0.1
97.25,1.882225792,0.1
97.5,1.558236732,0.1
97.75,1.655252942,0.1
98,1.580377243,0.1
98.25,1.908294708,0.1
98.5,1.747264287,0.1
98.75,1.851669213,0.1
99,1.767331356,0.1
99.25,1.696779706,0.1
99.5,1.746681118,0.1
99.75,1.728898646,0.1
100,1.783353601,0.1
100.25,1.907700397,0.1
100.5,1.685662329,0.1
100.75,1.458072928,0.1
101,1.667411672,0.1
101.25,1.576154486,0.1
101.5,1.385478409,0.1
101.75,1.825011859,0.1
102,1.371002334,0.1
102.25,1.57256169,0.1
102.5,1.423970606,0.1
102.75,1.728049393,0.1
103,1.692978561,0.1
103.25,1.398668285,0.1
103.5,1.559737193,0.1
103.75,1.600288731,0.1
104,1.442809308,0.1
104.25,1.686721461,0.1
104.5,1.434346462,0.1
104.75,1.692324975,0.1
105,1.35226827,0.1
105.25,1.452270335,0.1
105.5,1.439937119,0.1
105.75,1.515116275,0.1
106,1.314059485,0.1
106.25,1.615024153,0.1
106.5,1.7481026,0.1
106.75,1.548955331,0.1
107,1.47816413,0.1
107.25,1.523660854,0.1
107.5,1.575703937,0.1
107.75,1.549291565,0.1
108,1.416177954,0.1
108.25,1.610532497,0.1
108.5,1.619301121,0.1
108.75,1.310636818,0.1
109,1.269317831,0.1
109.25,1.643141077,0.1
109.5,1.477474682,0.1
109.75,1.512715701,0.1
110,1.486907184,0.1
110.25,1.545331544,0.1
110.5,1.314344927,0.1
110.75,1.617368657,0.1
111,1.554452766,0.1
111.25,1.592797454,0.1
111.5,1.404673002,0.1
111.75,1.409660918,0.1
112,1.316213205,0.1
112.25,1.406117478,0.1
112.5,1.591031938,0.1
112.75,1.390198395,0.1
113,1.410310151,0.1
113.25,1.394309807,0.1
113.5,1.275245048,0.1
113.75,1.585510295,0.1
114,1.39646293,0.1
114.25,1.412329695,0.1
114.5,1.525950899,0.1
114.75,1.327738825,0.1
115,1.564234403,0.1
115.25,1.330602225,0.1
115.5,1.207214796,0.1
115.75,1.135977937,0.1
116,1.363289575,0.1
116.25,1.456918092,0.1
116.5,1.333725508,0.1
116.75,1.211254354,0.1
117,1.28694805,0.1
117.25,1.192870219,0.1
117.5,1.462926498,0.1
117.75,1.424347638,0.1
118,1.388032109,0.1
118.25,0.909759137,0.1
118.5,1.462039267,0.1
118.75,1.481504573,0.1
119,1.108462431,0.1
119.25,1.358618029,0.1
119.5,1.251942794,0.1
119.75,1.178865559,0.1
120,1.420380429,0.1
120.25,1.224210417,0.1
120.5,1.464312072,0.1
120.75,1.09942477,0.1
121,1.36257949,0.1
121.25,1.27031516,0.1
121.5,1.260099758,0.1
121.75,1.345062632,0.1
122,1.500758874,0.1
122.25,1.333859091,0.1
122.5,1.144565302,0.1
122.75,1.215800705,0.1
123,1.410593441,0.1
123.25,1.386761358,0.1
123.5,1.247773015,0.1
123.75,1.19511333,0.1
124,1.07405339,0.1
124.25,1.191219947,0.1
124.5,1.20333118,0.1
124.75,1.117567919,0.1
125,1.151080395,0.1
125.25,1.122241841,0.1
125.5,1.17446644,0.1
125.75,0.853041378,0.1
126,1.054539547,0.1
126.25,1.261983595,0.1
126.5,1.300745657,0.1
126.75,0.81590899,0.1
127,0.947991376,0.1
127.25,1.316750098,0.1
127.5,0.897510658,0.1
127.75,1.102291544,0.1
128,1.13129295,0.1
128.25,1.091820985,0.1
128.5,1.25787644,0.1
128.75,1.053987671,0.1
129,1.055496435,0.1
129.25,1.187367111,0.1
129.5,1.073928809,0.1
129.75,1.252190067,0.1
130,1.251262983,0.1
130.25,1.056487868,0.1
130.5,1.218952023,0.1
130.75,1.199368966,0.1
131,1.096839331,0.1
131.25,1.174330298,0.1
131.5,1.013790699,0.1
131.75,1.151735572,0.1
132,1.094721311,0.1
132.25,0.923415057,0.1
132.5,1.002222667,0.1
132.75,1.026399544,0.1
133,1.159071184,0.1
133.25,1.171950903,0.1
133.5,1.052285925,0.1
133.75,0.858096314,0.1
134,1.107932118,0.1
134.25,1.101701242,0.1
134.5,1.103306142,0.1
134.75,1.05736201,0.1
135,1.022153722,0.1
135.25,0.894440278,0.1
135.5,1.009721708,0.1
135.75,0.922668682,0.1
136,1.018699804,0.1
136.25,0.87229678,0.1
136.5,0.935278742,0.1
136.75,1.039828922,0.1
137,0.875547901,0.1
137.25,0.992647579,0.1
137.5,0.86842757,0.1
137.75,1.107907908,0.1
138,1.060747921,0.1
138.25,1.041803652,0.1
138.5,0.793789214,0.1
138.75,0.9491133,0.1
139,1.04748987,0.1
139.25,0.95607725,0.1
139.5,0.81382395,0.1
139.75,1.019361025,0.1
140,0.891882864,0.1
140.25,0.731175784,0.1
140.5,0.927803366,0.1
140.75,1.001204106,0.1
141,0.985997625,0.1
141.25,0.843307065,0.1
141.5,1.048179109,0.1
141.75,1.111569403,0.1
142,0.809227265,0.1
142.25,0.865548248,0.1
142.5,1.116330305,0.1
142.75,0.880950757,0.1
143,1.127289249,0.1
143.25,0.685869704,0.1
143.5,0.7682738,0.1
143.75,0.831892617,0.1
144,0.902975145,0.1
144.25,1.03771488,0.1
144.5,1.006399964,0.1
144.75,0.989862625,0.1
145,1.036643487,0.1
145.25,0.872909156,0.1
145.5,0.943086095,0.1
145.75,0.950455665,0.1
146,0.98279617,0.1
146.25,1.052141114,0.1
146.5,0.940756216,0.1
146.75,1.061651175,0.1
147,0.825431867,0.1
147.25,1.163517094,0.1
147.5,0.877113025,0.1
147.75,0.873833782,0.1
148,0.964662234,0.1
148.25,0.915536797,0.1
148.5,0.937177251,0.1
148.75,0.936476527,0.1
149,0.691998629,0.1
149.25,0.853495725,0.1
149.5,0.869161741,0.1
149.75,0.861880581,0.1
150,1.032737162,0.1
150.25,0.9452065,0.1
150.5,1.097164274,0.1
150.75,0.974954808,0.1
151,1.039612773,0.1
151.25,0.810731749,0.1
151.5,0.957023214,0.1
151.75,0.963035734,0.1
152,1.006272195,0.1
152.25,1.011446266,0.1
152.5,0.690607903,0.1
152.75,0.87493408,0.1
153,0.824010334,0.1
153.25,0.880664103,0.1
153.5,0.747126229,0.1
153.75,0.760294767,0.1
154,0.886314405,0.1
154.25,0.901045829,0.1
154.5,0.808390452,0.1
154.75,0.651892165,0.1
155,0.881882189,0.1
155.25,0.743055584,0.1
155.5,0.838442547,0.1
155.75,0.756097968,0.1
156,0.939241924,0.1
156.25,0.844809442,0.1
156.5,0.760736775,0.1
156.75,0.778192307,0.1
157,0.600575889,0.1
157.25,0.730727868,0.1
157.5,0.777247546,0.1
157.75,0.812183418,0.1
158,0.583170446,0.1
158.25,0.832046813,0.1
158.5,0.553537022,0.1
158.75,0.735341027,0.1
159,0.693049054,0.1
159.25,0.669405691,0.1
159.5,0.762653266,0.1
159.75,0.766642145,0.1
160,0.795585097,0.1
160.25,0.62376148,0.1
160.5,0.771429509,0.1
160.75,0.716161244,0.1
161,0.702514511,0.1
161.25,0.824484966,0.1
161.5,0.730620416,0.1
161.75,0.70965793,0.1
162,0.779925273,0.1
162.25,0.691511154,0.1
162.5,0.652313569,0.1
162.75,0.912465516,0.1
163,0.671825984,0.1
163.25,0.827697803,0.1
163.5,0.877770562,0.1
163.75,0.832132933,0.1
164,0.546476137,0.1
164.25,0.696350785,0.1
164.5,0.702936975,0.1
164.75,0.736284828,0.1
165,0.662311309,0.1
165.25,0.728101057,0.1
165.5,0.736951402,0.1
165.75,0.906227453,0.1
166,0.859691045,0.1
166.25,0.639580081,0.1
166.5,0.706539792,0.1
166.75,0.656185419,0.1
167,0.609771426,0.1
167.25,0.738007297,0.1
167.5,0.812694757,0.1
167.75,0.544754815,0.1
168,0.763143803,0.1
168.25,0.644216345,0.1
168.5,0.683404487,0.1
168.75,0.77929191,0.1
169,0.719748235,0.1
169.25,0.637563961,0.1
169.5,0.733934175,0.1
169.75,0.987910183,0.1
170,0.717263532,0.1
170.25,0.820098282,0.1
170.5,0.770124901,0.1
170.75,0.672450377,0.1
171,0.507760889,0.1
171.25,0.657262288,0.1
171.5,0.682611956,0.1
171.75,0.482878839,0.1
172,0.63687595,0.1
172.25,0.667048041,0.1
172.5,0.510275143,0.1
172.75,0.622269104,0.1
173,0.511533436,0.1
173.25,0.6946121,0.1
173.5,0.798063515,0.1
173.75,0.603110072,0.1
174,0.557143501,0.1
174.25,0.53254616,0.1
174.5,0.583817269,0.1
174.75,0.496166489,0.1
175,0.689334916,0.1
175.25,0.51627683,0.1
175.5,0.662242435,0.1
175.75,0.227529695,0.1
176,0.595845315,0.1
176.25,0.487836417,0.1
176.5,0.825420569,0.1
176.75,0.404568866,0.1
177,0.635192385,0.1
177.25,0.570689867,0.1
177.5,0.306435917,0.1
177.75,0.697097489,0.1
178,0.424842637,0.1
178.25,0.523151987,0.1
178.5,0.6862813,0.1
178.75,0.603418711,0.1
179,0.550649163,0.1
179.25,0.653643006,0.1
179.5,0.506124063,0.1
179.75,0.596438511,0.1
180,0.482988658,0.1
180.25,0.603179939,0.1
180.5,0.557782958,0.1
180.75,0.518459584,0.1
181,0.659843787,0.1
181.25,0.604895442,0.1
181.5,0.709195951,0.1
181.75,0.442255616,0.1
182,0.643134758,0.1
182.25,0.449293235,0.1
182.5,0.577227117,0.1
182.75,0.353777152,0.1
183,0.41826926,0.1
183.25,0.568568489,0.1
183.5,0.546718885,0.1
183.75,0.590926005,0.1
184,0.526642035,0.1
184.25,0.695084245,0.1
184.5,0.656545182,0.1
184.75,0.512880898,0.1
185,0.455400633,0.1
185.25,0.517093699,0.1
185.5,0.303909356,0.1
185.75,0.530220319,0.1
186,0.585990176,0.1
186.25,0.415530655,0.1
186.5,0.4722728,0.1
186.75,0.589570268,0.1
187,0.494215692,0.1
187.25,0.515170382,0.1
187.5,0.520546547,0.1
187.75,0.583940599,0.1
188,0.517261763,0.1
188.25,0.435057987,0.1
188.5,0.527070021,0.1
188.75,0.496912716,0.1
189,0.441438935,0.1
189.25,0.240677702,0.1
189.5,0.50590859,0.1
189.75,0.539913447,0.1
190,0.540447535,0.1
190.25,0.633408372,0.1
190.5,0.268699818,0.1
190.75,0.496850399,0.1
191,0.500149164,0.1
191.25,0.326796994,0.1
191.5,0.429789639,0.1
191.75,0.5143732,0.1
192,0.68873972,0.1
192.25,0.550101495,0.1
192.5,0.265789476,0.1
192.75,0.505413829,0.1
193,0.382044779,0.1
193.25,0.472684591,0.1
193.5,0.269397903,0.1
193.75,0.445941746,0.1
194,0.485898855,0.1
194.25,0.399717541,0.1
194.5,0.600051711,0.1
194.75,0.657070058,0.1
195,0.492575931,0.1
195.25,0.573394224,0.1
195.5,0.206974407,0.1
195.75,0.605637697,0.1
196,0.295695152,0.1
196.25,0.418505403,0.1
196.5,0.572451018,0.1
196.75,0.354120146,0.1
197,0.381463735,0.1
197.25,0.323855427,0.1
197.5,0.336462195,0.1
197.75,0.403917266,0.1
198,0.602932707,0.1
198.25,0.482421894,0.1
198.5,0.503879916,0.1
198.75,0.230435987,0.1
199,0.724880361,0.1
199.25,0.334939776,0.1
199.5,0.390629119,0.1
199.75,0.650438759,0.1
200,0.4130138,0.1
200.25,0.39303885,0.1
200.5,0.490379103,0.1
200.75,0.460202976,0.1
201,0.552235154,0.1
201.25,0.605346357,0.1
201.5,0.410945296,0.1
201.75,0.274674229,0.1
202,0.265436639,0.1
202.25,0.317816298,0.1
202.5,0.349186679,0.1
202.75,0.480955981,0.1
203,0.248564704,0.1
203.25,0.485920805,0.1
203.5,0.294831712,0.1
203.75,0.422286682,0.1
204,0.281792899,0.1
204.25,0.499532553,0.1
204.5,0.40295495,0.1
204.75,0.388572714,0.1
205,0.472220063,0.1
205.25,0.325593613,0.1
205.5,0.551999041,0.1
205.75,0.710873464,0.1
206,0.279401749,0.1
206.25,0.457929385,0.1
206.5,0.476166657,0.1
206.75,0.289058339,0.1
207,0.542211057,0.1
207.25,0.576670091,0.1
207.5,0.437107897,0.1
207.75,0.53918593,0.1
208,0.407887679,0.1
208.25,0.489874495,0.1
208.5,0.410291764,0.1
208.75,0.250137641,0.1
209,0.575250205,0.1
209.25,0.42627099,0.1
209.5,0.321774336,0.1
209.75,0.321413791,0.1
210,0.183188075,0.1
210.25,0.323392347,0.1
210.5,0.386387834,0.1
210.75,0.669523741,0.1
211,0.253977277,0.1
211.25,0.343701025,0.1
211.5,0.384870755,0.1
211.75,0.216113918,0.1
212,0.449271034,0.1
212.25,0.504223831,0.1
212.5,0.414867097,0.1
212.75,0.461180531,0.1
213,0.349507002,0.1
213.25,0.419902588,0.1
213.5,0.21541909,0.1
213.75,0.304159798,0.1
214,0.344386207,0.1
214.25,0.35952406,0.1
214.5,0.243604137,0.1
214.75,0.312033596,0.1
215,0.188123497,0.1
215.25,0.280357788,0.1
215.5,0.249195065,0.1
215.75,0.397557555,0.1
216,0.198317815,0.1
216.25,0.560395159,0.1
216.5,0.280092033,0.1
216.75,0.384652722,0.1
217,0.255243087,0.1
217.25,0.194608345,0.1
217.5,0.253490964,0.1
217.75,0.053574372,0.1
218,0.164202599,0.1
218.25,0.390792209,0.1
218.5,0.193727581,0.1
218.75,0.307375242,0.1
219,0.335968059,0.1
219.25,0.462899784,0.1
219.5,0.491239863,0.1
219.75,0.182023736,0.1
220,0.196874125,0.1
220.25,0.469327843,0.1
220.5,0.235573658,0.1
220.75,0.321624335,0.1
221,0.390546156,0.1
221.25,0.123058661,0.1
221.5,0.449514489,0.1
221.75,0.415083865,0.1
222,0.24922572,0.1
222.25,0.212417882,0.1
222.5,0.321915143,0.1
222.75,0.451618645,0.1
223,0.507129074,0.1
223.25,0.310923677,0.1
223.5,0.398106446,0.1
223.75,0.402346331,0.1
224,0.168530408,0.1
224.25,0.020644005,0.1
224.5,0.223457155,0.1
224.75,0.331110722,0.1
225,0.448261947,0.1
225.25,0.274115528,0.1
225.5,0.230180415,0.1
225.75,0.378334932,0.1
226,0.317243348,0.1
226.25,0.198708108,0.1
226.5,0.197174609,0.1
226.75,0.281063427,0.1
227,0.3519529,0.1
227.25,0.249655014,0.1
227.5,0.370199455,0.1
227.75,0.264714742,0.1
228,0.299216342,0.1
228.25,0.225902793,0.1
228.5,0.374575348,0.1
228.75,0.239876181,0.1
229,0.214903167,0.1
229.25,0.199118556,0.1
229.5,0.275961381,0.1
229.75,0.432848539,0.1
230,0.163008749,0.1
230.25,0.105448048,0.1
230.5,0.224756484,0.1
230.75,0.291025495,0.1
231,0.049961066,0.1
231.25,0.260598056,0.1
231.5,0.380594027,0.1
231.75,0.456643014,0.1
232,0.358814675,0.1
232.25,0.221946647,0.1
232.5,0.196551763,0.1
232.75,0.111751648,0.1
233,0.212004252,0.1
233.25,0.195984591,0.1
233.5,0.33363087,0.1
233.75,0.29358769,0.1
234,0.30329942,0.1
234.25,0.24870692,0.1
234.5,0.259638321,0.1
234.75,-0.162390269,0.1
235,0.03067509,0.1
235.25,0.333724258,0.1
235.5,0.224618451,0.1
235.75,0.3848018,0.1
236,0.498516455,0.1
236.25,0.337294764,0.1
236.5,0.325844859,0.1
236.75,0.012343788,0.1
237,0.508067274,0.1
237.25,-0.003498961,0.1
237.5,0.051793533,0.1
237.75,0.355100715,0.1
238,0.087717147,0.1
238.25,0.315267188,0.1
238.5,0.541070082,0.1
238.75,0.222620793,0.1
239,0.394052557,0.1
239.25,0.204830022,0.1
239.5,0.446836704,0.1
239.75,0.071984604,0.1
240,0.28198306,0.1
240.25,0.187620444,0.1
240.5,0.240786112,0.1
240.75,0.312561981,0.1
241,0.261443246,0.1
241.25,0.012598786,0.1
241.5,0.17918113,0.1
241.75,0.202760678,0.1
242,0.175646867,0.1
242.25,0.409703605,0.1
242.5,0.396112091,0.1
242.75,0.240603611,0.1
243,0.261157455,0.1
243.25,0.405013286,0.1
243.5,0.108199108,0.1
243.75,0.184880067,0.1
244,0.040696316,0.1
244.25,0.318087088,0.1
244.5,0.390885215,0.1
244.75,0.04112234,0.1
245,0.088443699,0.1
245.25,0.149094788,0.1
245.5,0.162811842,0.1
245.75,0.023600662,0.1
246,0.150656145,0.1
246.25,0.13634337,0.1
246.5,0.233700874,0.1
246.75,0.19024884,0.1
247,0.209691139,0.1
247.25,0.125786986,0.1
247.5,0.169908936,0.1
247.75,0.055436007,0.1
248,0.267685831,0.1
248.25,0.171605564,0.1
248.5,0.186053978,0.1
248.75,0.161346231,0.1
249,0.106663228,0.1
249.25,0.273622995,0.1
249.5,0.324907716,0.1
249.75,0.219413988,0.1
250,0.125876308,0.1
250.25,0.125313853,0.1
250.5,0.23374103,0.1
250.75,0.217031741,0.1
251,0.177906889,0.1
251.25,0.215549168,0.1
251.5,0.15299935,0.1
251.75,0.29899491,0.1
252,0.044141142,0.1
252.25,0.270632391,0.1
252.5,0.218779864,0.1
252.75,0.466302593,0.1
253,0.423569159,0.1
253.25,0.499566991,0.1
253.5,0.773253176,0.1
253.75,0.781614624,0.1
254,0.867706462,0.1
254.25,1.119470473,0.1
254.5,1.138318771,0.1
254.75,1.192870919,0.1
255,1.436637334,0.1
255.25,1.853363646,0.1
255.5,2.025584345,0.1
255.75,2.037096636,0.1
256,2.260180298,0.1
256.25,2.482007248,0.1
256.5,2.804845748,0.1
256.75,2.814370596,0.1
257,3.223242618,0.1
257.25,3.317140061,0.1
257.5,3.569194981,0.1
257.75,3.672348932,0.1
258,3.831533116,0.1
258.25,4.145125869,0.1
258.5,4.203817106,0.1
258.75,4.277396964,0.1
259,4.556251973,0.1
259.25,4.495023732,0.1
259.5,4.688298687,0.1
259.75,5.215436478,0.1
260,5.230397857,0.1
260.25,5.558736311,0.1
260.5,5.639023797,0.1
260.75,5.64370779,0.1
261,5.946297848,0.1
261.25,6.011134313,0.1
261.5,6.194482137,0.1
261.75,6.169879013,0.1
262,6.631362258,0.1
262.25,6.473401284,0.1
262.5,6.799313153,0.1
262.75,6.951049111,0.1
263,7.054052954,0.1
263.25,7.228383894,0.1
263.5,7.319556298,0.1
263.75,7.404283672,0.1
264,7.295933016,0.1
264.25,7.61451661,0.1
264.5,7.778913187,0.1
264.75,7.856789275,0.1
265,8.110107101,0.1
265.25,8.359683037,0.1
265.5,8.223162612,0.1
265.75,8.066345581,0.1
266,8.628531232,0.1
266.25,8.574721679,0.1
266.5,8.664761265,0.1
266.75,8.500129745,0.1
267,8.838567624,0.1
267.25,8.839638964,0.1
267.5,8.822238242,0.1
267.75,8.992730614,0.1
268,8.811949352,0.1
268.25,9.244301984,0.1
268.5,9.359118864,0.1
268.75,9.410954784,0.1
269,9.223836819,0.1
269.25,9.321634854,0.1
269.5,9.578944461,0.1
269.75,9.537028019,0.1
270,9.738919922,0.1
270.25,9.805077828,0.1
270.5,9.80753182,0.1
270.75,9.668174703,0.1
271,9.975482235,0.1
271.25,9.871407044,0.1
271.5,9.950316696,0.1
271.75,10.11278088,0.1
272,10.20588267,0.1
272.25,10.13005592,0.1
272.5,10.24174199,0.1
272.75,10.33225759,0.1
273,10.31127801,0.1
273.25,10.27577185,0.1
273.5,10.36908193,0.1
273.75,10.75131822,0.1
274,10.36872347,0.1
274.25,10.564522,0.1
274.5,10.51030547,0.1
274.75,10.68501393,0.1
275,10.75756815,0.1
275.25,10.57384509,0.1
275.5,10.85572522,0.1
275.75,10.54804557,0.1
276,10.89869672,0.1
276.25,10.92169006,0.1
276.5,10.74893797,0.1
276.75,10.63157718,0.1
277,11.0542109,0.1
277.25,10.93861152,0.1
277.5,10.80745324,0.1
277.75,11.17825455,0.1
278,10.98688634,0.1
278.25,11.01611729,0.1
278.5,11.13821645,0.1
278.75,11.23498615,0.1
279,11.17025528,0.1
279.25,11.0065863,0.1
279.5,11.17789504,0.1
279.75,11.19380582,0.1
280,11.10169701,0.1
280.25,11.16957959,0.1
280.5,11.18510844,0.1
280.75,11.41770035,0.1
281,11.15629488,0.1
281.25,11.27006911,0.1
281.5,11.23610442,0.1
281.75,11.52150764,0.1
282,11.41687224,0.1
282.25,11.58197651,0.1
282.5,11.37549363,0.1
282.75,11.35851159,0.1
283,11.42649354,0.1
283.25,11.61974688,0.1
283.5,11.55858865,0.1
283.75,11.32456663,0.1
284,11.26382613,0.1
284.25,11.55701659,0.1
284.5,11.56737915,0.1
284.75,11.47526415,0.1
285,11.48100568,0.1
285.25,11.64800809,0.1
285.5,11.50635757,0.1
285.75,11.48738551,0.1
286,11.43855895,0.1
286.25,11.61020536,0.1
286.5,11.81350424,0.1
286.75,11.89281511,0.1
287,11.76682347,0.1
287.25,11.83533345,0.1
287.5,11.84043059,0.1
287.75,11.8895931,0.1
288,11.64962162,0.1
288.25,11.91384155,0.1
288.5,12.05672204,0.1
288.75,12.07766667,0.1
289,12.00313103,0.1
289.25,12.12213069,0.1
289.5,11.99945199,0.1
289.75,11.89364563,0.1
290,12.05380792,0.1
290.25,12.00555968,0.1
290.5,11.86415285,0.1
290.75,11.79615448,0.1
291,11.76944541,0.1
291.25,11.3103856,0.1
291.5,11.35651206,0.1
291.75,10.98253903,0.1
292,10.82690886,0.1
292.25,10.49357594,0.1
292.5,10.40424728,0.1
292.75,10.068289,0.1
293,9.735961745,0.1
293.25,9.461100555,0.1
293.5,9.187041741,0.1
293.75,8.711111152,0.1
294,8.722614776,0.1
294.25,8.213395763,0.1
294.5,8.094370336,0.1
294.75,7.970075451,0.1
295,7.24231293,0.1
295.25,7.275639179,0.1
295.5,6.964283298,0.1
295.75,6.767657112,0.1
296,6.701387233,0.1
296.25,6.033932151,0.1
296.5,6.081421981,0.1
296.75,6.052809563,0.1
297,5.742064796,0.1
297.25,5.707543831,0.1
297.5,5.623152335,0.1
297.75,5.4158907,0.1
298,5.586571357,0.1
298.25,5.201451705,0.1
298.5,5.267839081,0.1
298.75,5.267684778,0.1
299,5.128472492,0.1
299.25,5.114748375,0.1
299.5,4.902091344,0.1
299.75,4.769491591,0.1
300,5.036439746,0.1
300.25,4.784668206,0.1
300.5,4.76543519,0.1
300.75,4.752001715,0.1
301,4.676763163,0.1
301.25,4.689564305,0.1
301.5,4.452690758,0.1
301.75,4.451694961,0.1
302,4.242336745,0.1
302.25,4.246614152,0.1
302.5,4.352393485,0.1
302.75,4.232078886,0.1
303,4.336726413,0.1
303.25,4.041741255,0.1
303.5,4.125084562,0.1
303.75,4.096766823,0.1
304,4.004531465,0.1
304.25,3.835959639,0.1
304.5,4.070778485,0.1
304.75,4.002611643,0.1
305,3.680347203,0.1
305.25,3.864889599,0.1
305.5,3.9367309,0.1
305.75,3.806278823,0.1
306,3.601719402,0.1
306.25,3.546381747,0.1
306.5,3.672344099,0.1
306.75,3.564748718,0.1
307,3.75774214,0.1
307.25,3.81445503,0.1
307.5,3.51772509,0.1
307.75,3.414914589,0.1
308,3.489225237,0.1
308.25,3.466637375,0.1
308.5,3.523387499,0.1
308.75,3.27270863,0.1
309,3.561643022,0.1
309.25,3.2483231,0.1
309.5,3.087118685,0.1
309.75,2.945936561,0.1
310,3.271644463,0.1
310.25,3.041653497,0.1
310.5,2.810622214,0.1
310.75,3.186785928,0.1
311,2.977946785,0.1
311.25,2.979770681,0.1
311.5,3.030013005,0.1
311.75,3.093882986,0.1
312,2.782442297,0.1
312.25,2.784828759,0.1
312.5,2.932793667,0.1
312.75,2.897887117,0.1
313,2.996990688,0.1
313.25,2.733932226,0.1
313.5,2.886386306,0.1
313.75,2.804390444,0.1
314,2.927175751,0.1
314.25,2.595753694,0.1
314.5,2.808146761,0.1
314.75,2.762000705,0.1
315,2.713909716,0.1
315.25,2.868229101,0.1
315.5,2.693603056,0.1
315.75,2.727234127,0.1
316,2.698619702,0.1
316.25,2.470431798,0.1
316.5,2.691501483,0.1
316.75,2.394899374,0.1
317,2.780648155,0.1
317.25,2.783122179,0.1
317.5,2.380455382,0.1
317.75,2.830282333,0.1
318,2.512096332,0.1
318.25,2.572569834,0.1
318.5,2.455761218,0.1
318.75,2.251021357,0.1
319,2.637401805,0.1
319.25,2.460742044,0.1
319.5,2.387715203,0.1
319.75,2.308787523,0.1
320,2.441134542,0.1
320.25,2.475387498,0.1
320.5,2.252864988,0.1
320.75,2.320843566,0.1
321,2.172235211,0.1
321.25,2.218781014,0.1
321.5,2.344493865,0.1
321.75,2.043870426,0.1
322,2.281667653,0.1
322.25,2.288562587,0.1
322.5,2.669745571,0.1
322.75,2.255467948,0.1
323,2.309704905,0.1
323.25,2.051569795,0.1
323.5,2.093271599,0.1
323.75,2.20974999,0.1
324,2.080443412,0.1
324.25,2.260865551,0.1
324.5,2.036842168,0.1
324.75,2.246802278,0.1
325,2.015126606,0.1
325.25,2.281981607,0.1
325.5,2.226212751,0.1
325.75,1.759268073,0.1
326,2.085506956,0.1
326.25,2.208163549,0.1
326.5,2.143479245,0.1
326.75,2.244108166,0.1
327,1.808211396,0.1
327.25,1.901675487,0.1
327.5,2.004302444,0.1
327.75,2.024502084,0.1
328,1.84332059,0.1
328.25,2.143381998,0.1
328.5,1.864419991,0.1
328.75,2.018683032,0.1
329,1.863005075,0.1
329.25,1.817149437,0.1
329.5,1.787522986,0.1
329.75,1.886651059,0.1
330,1.892050065,0.1
330.25,1.893891546,0.1
330.5,1.870421077,0.1
330.75,1.725019326,0.1
331,2.061986254,0.1
331.25,1.876749936,0.1
331.5,1.618218506,0.1
331.75,1.893350386,0.1
332,1.850066468,0.1
332.25,2.050191283,0.1
332.5,1.775336065,0.1
332.75,1.906340142,0.1
333,1.968629062,0.1
333.25,1.661868547,0.1
333.5,2.019669763,0.1
333.75,1.777104816,0.1
334,1.707022729,0.1
334.25,1.826467059,0.1
334.5,1.930001583,0.1
334.75,1.763880036,0.1
335,1.687456936,0.1
335.25,1.69270133,0.1
335.5,1.694034874,0.1
335.75,1.670938245,0.1
336,1.591315523,0.1
336.25,1.566172084,0.1
336.5,1.758964136,0.1
336.75,1.626740828,0.1
337,1.471372884,0.1
337.25,1.684252713,0.1
337.5,1.638828288,0.1
337.75,1.588664568,0.1
338,1.680889282,0.1
338.25,1.618127077,0.1
338.5,1.634473821,0.1
338.75,1.674158662,0.1
339,1.612858524,0.1
339.25,1.35875246,0.1
339.5,1.723896478,0.1
339.75,1.627204609,0.1
340,1.540301988,0.1
340.25,1.599277419,0.1
340.5,1.514096948,0.1
340.75,1.396481015,0.1
341,1.486461382,0.1
341.25,1.486969875,0.1
341.5,1.744255138,0.1
341.75,1.356716523,0.1
342,1.654853413,0.1
342.25,1.684473842,0.1
342.5,1.506075556,0.1
342.75,1.612242065,0.1
343,1.590379666,0.1
343.25,1.623084728,0.1
343.5,1.606680545,0.1
343.75,1.613310694,0.1
344,1.438382049,0.1
344.25,1.410552728,0.1
344.5,1.591444332,0.1
344.75,1.436410294,0.1
345,1.401040353,0.1
345.25,1.45165983,0.1
345.5,1.574755479,0.1
345.75,1.300339332,0.1
346,1.616318756,0.1
346.25,1.378055402,0.1
346.5,1.447524756,0.1
346.75,1.25607389,0.1
347,1.59212302,0.1
347.25,1.448969094,0.1
347.5,1.309091023,0.1
347.75,1.156186256,0.1
348,1.591606744,0.1
348.25,1.481397837,0.1
348.5,1.310118856,0.1
348.75,1.390497251,0.1
349,1.218545607,0.1
349.25,1.17450245,0.1
349.5,1.491559725,0.1
349.75,1.458434986,0.1
350,1.522709816,0.1
350.25,1.441891762,0.1
350.5,1.336362786,0.1
350.75,1.418064693,0.1
351,1.208063731,0.1
351.25,1.381586486,0.1
351.5,1.409333583,0.1
351.75,1.352862241,0.1
352,1.16507912,0.1
352.25,1.300831872,0.1
352.5,1.463490094,0.1
352.75,1.184446812,0.1
353,1.379051612,0.1
353.25,1.293303578,0.1
353.5,1.047373985,0.1
353.75,1.32412142,0.1
354,1.037486183,0.1
354.25,1.3031018,0.1
354.5,1.434769651,0.1
354.75,1.167040043,0.1
355,1.470932137,0.1
355.25,1.201773975,0.1
355.5,1.355380383,0.1
355.75,1.184942056,0.1
356,1.523006827,0.1
356.25,1.424698018,0.1
356.5,1.384105287,0.1
356.75,1.363290404,0.1
357,1.255737104,0.1
357.25,1.427666378,0.1
357.5,1.174478396,0.1
357.75,1.298972277,0.1
358,1.239191312,0.1
358.25,1.030446435,0.1
358.5,1.210622833,0.1
358.75,1.078433393,0.1
359,1.41242753,0.1
359.25,1.27823771,0.1
359.5,1.286194359,0.1
359.75,1.428798312,0.1
360,1.196576778,0.1
360.25,1.043019388,0.1
360.5,1.394639583,0.1
360.75,1.15350052,0.1
361,1.000619336,0.1
361.25,0.950063488,0.1
361.5,1.126576189,0.1
361.75,1.181250968,0.1
362,1.064119443,0.1
362.25,1.27457448,0.1
362.5,0.986696146,0.1
362.75,1.301863412,0.1
363,1.1642848,0.1
363.25,0.970909544,0.1
363.5,0.942883796,0.1
363.75,1.003708768,0.1
364,1.156890867,0.1
364.25,1.414956857,0.1
364.5,1.092448395,0.1
364.75,1.134691207,0.1
365,1.232485312,0.1
365.25,1.192726175,0.1
365.5,1.063628296,0.1
365.75,1.064020284,0.1
366,1.168443234,0.1
366.25,1.075679123,0.1
366.5,0.982450616,0.1
366.75,1.10485341,0.1
367,0.809751883,0.1
367.25,1.229230613,0.1
367.5,1.010669768,0.1
367.75,1.178027751,0.1
368,1.067818301,0.1
368.25,0.914213972,0.1
368.5,1.174096096,0.1
368.75,1.073311531,0.1
369,1.019446245,0.1
369.25,0.939649018,0.1
369.5,0.895246273,0.1
369.75,0.926801,0.1
370,1.011620391,0.1
370.25,0.900415292,0.1
370.5,1.080462988,0.1
370.75,1.022660419,0.1
371,1.077198907,0.1
371.25,0.996627563,0.1
371.5,0.986095081,0.1
371.75,0.836945923,0.1
372,1.011794753,0.1
372.25,0.954102012,0.1
372.5,1.227942006,0.1
372.75,0.905443341,0.1
373,0.873841565,0.1
373.25,1.054178574,0.1
373.5,0.926899498,0.1
373.75,0.958256867,0.1
374,1.063846759,0.1
374.25,1.032000949,0.1
374.5,1.11032825,0.1
374.75,1.037106375,0.1
375,0.716675582,0.1
375.25,0.984280354,0.1
375.5,0.845698007,0.1
375.75,1.058191463,0.1
376,1.036229366,0.1
376.25,0.927656189,0.1
376.5,0.878757662,0.1
376.75,0.864896032,0.1
377,0.964617091,0.1
377.25,1.038344443,0.1
377.5,0.782000298,0.1
377.75,0.907462607,0.1
378,0.744758362,0.1
378.25,0.947542816,0.1
378.5,0.850275838,0.1
378.75,0.957314589,0.1
379,0.997673952,0.1
379.25,1.137445379,0.1
379.5,0.833949869,0.1
379.75,0.693095642,0.1
380,0.92606826,0.1
380.25,0.998506759,0.1
380.5,1.046756333,0.1
380.75,0.666790267,0.1
381,0.707370188,0.1
381.25,0.910197503,0.1
381.5,0.868721747,0.1
381.75,0.754197044,0.1
382,0.871401894,0.1
382.25,1.144694206,0.1
382.5,0.937679247,0.1
382.75,0.812167709,0.1
383,0.72146652,0.1
383.25,0.941461023,0.1
383.5,0.929727063,0.1
383.75,0.660794949,0.1
384,0.68853753,0.1
384.25,0.927668012,0.1
384.5,0.7859153,0.1
384.75,1.074724473,0.1
385,1.014835754,0.1
385.25,0.961510668,0.1
385.5,0.756559518,0.1
385.75,0.832318894,0.1
386,0.901593472,0.1
386.25,0.975105379,0.1
386.5,0.704927786,0.1
386.75,0.763341807,0.1
387,0.942721982,0.1
387.25,0.719689644,0.1
387.5,0.931399794,0.1
387.75,0.781851227,0.1
388,0.829963829,0.1
388.25,0.78676944,0.1
388.5,0.436979305,0.1
388.75,0.674749406,0.1
389,0.737628751,0.1
389.25,0.885808724,0.1
389.5,0.769359337,0.1
389.75,0.869316467,0.1
390,0.761366332,0.1
390.25,0.863254787,0.1
390.5,0.678836248,0.1
390.75,0.601141304,0.1
391,0.910700874,0.1
391.25,0.834525242,0.1
391.5,0.627386225,0.1
391.75,0.740483315,0.1
392,0.626679018,0.1
392.25,0.9111752,0.1
392.5,0.82409328,0.1
392.75,0.837685452,0.1
393,0.772367414,0.1
393.25,0.828491018,0.1
393.5,0.5735328,0.1
393.75,0.925386979,0.1
394,0.554968613,0.1
394.25,0.804453173,0.1
394.5,0.703013409,0.1
394.75,0.905102748,0.1
395,0.766488458,0.1
395.25,0.687605443,0.1
395.5,0.740767513,0.1
395.75,0.783030552,0.1
396,0.833300275,0.1
396.25,0.689263724,0.1
396.5,0.827178238,0.1
396.75,0.541283749,0.1
397,0.494244475,0.1
397.25,0.66265399,0.1
397.5,0.786318922,0.1
397.75,0.720418261,0.1
398,0.658118603,0.1
398.25,0.82708613,0.1
398.5,0.604527042,0.1
398.75,0.717834599,0.1
399,0.734713773,0.1
399.25,0.831751352,0.1
399.5,0.753293646,0.1
399.75,0.653183925,0.1
400,0.761654041,0.1
400.25,0.737457179,0.1
400.5,0.560178975,0.1
400.75,0.683069181,0.1
401,0.808076698,0.1
401.25,0.597757932,0.1
401.5,0.932349657,0.1
401.75,0.507302936,0.1
402,0.812734949,0.1
402.25,0.74037566,0.1
402.5,0.638344617,0.1
402.75,0.699643025,0.1
403,0.651729577,0.1
403.25,0.582636978,0.1
403.5,0.589877156,0.1
403.75,0.829648892,0.1
404,0.680072968,0.1
404.25,0.533890146,0.1
404.5,0.634815882,0.1
404.75,0.657024437,0.1
405,0.674577263,0.1
405.25,0.760542118,0.1
405.5,0.757411332,0.1
405.75,0.631135227,0.1
406,0.801511691,0.1
406.25,0.580507855,0.1
406.5,0.601551621,0.1
406.75,0.557121518,0.1
407,0.675758415,0.1
407.25,0.733332163,0.1
407.5,0.709101115,0.1
407.75,0.478997383,0.1
408,0.804978054,0.1
408.25,0.745228815,0.1
408.5,0.445741049,0.1
408.75,0.519274635,0.1
409,0.476751619,0.1
409.25,0.788011913,0.1
409.5,0.439181347,0.1
409.75,0.58555352,0.1
410,0.56800407,0.1
410.25,0.252371561,0.1
410.5,0.525144916,0.1
410.75,0.703961893,0.1
411,0.516393827,0.1
411.25,0.455155192,0.1
411.5,0.556610419,0.1
411.75,0.551151581,0.1
412,0.508886818,0.1
412.25,0.555505951,0.1
412.5,0.589690363,0.1
412.75,0.466855572,0.1
413,0.45347828,0.1
413.25,0.289574996,0.1
413.5,0.490922847,0.1
413.75,0.597040527,0.1
414,0.584250574,0.1
414.25,0.915740711,0.1
414.5,0.430248884,0.1
414.75,0.515399952,0.1
415,0.619003157,0.1
415.25,0.585613703,0.1
415.5,0.631096969,0.1
415.75,0.55715927,0.1
416,0.469117169,0.1
416.25,0.486488535,0.1
416.5,0.685427853,0.1
416.75,0.440629345,0.1
417,0.458805732,0.1
417.25,0.328690815,0.1
417.5,0.663738786,0.1
417.75,0.504694551,0.1
418,0.619714023,0.1
418.25,0.454466291,0.1
418.5,0.420753783,0.1
418.75,0.684382482,0.1
419,0.449998016,0.1
419.25,0.529509611,0.1
419.5,0.471042894,0.1
419.75,0.330844525,0.1
420,0.636906951,0.1
420.25,0.634715557,0.1
420.5,0.607398937,0.1
420.75,0.475500784,0.1
421,0.639729284,0.1
421.25,0.480545511,0.1
421.5,0.626834439,0.1
421.75,0.400576469,0.1
422,0.508145289,0.1
422.25,0.526684344,0.1
422.5,0.571896251,0.1
422.75,0.243430091,0.1
423,0.589024175,0.1
423.25,0.563763634,0.1
423.5,0.427261835,0.1
423.75,0.351307176,0.1
424,0.493702049,0.1
424.25,0.324381098,0.1
424.5,0.440038869,0.1
424.75,0.513508086,0.1
425,0.46272474,0.1
425.25,0.574843089,0.1
425.5,0.553356137,0.1
425.75,0.649254255,0.1
426,0.738001917,0.1
426.25,0.438419768,0.1
426.5,0.505651813,0.1
426.75,0.428612004,0.1
427,0.465262128,0.1
427.25,0.362646353,0.1
427.5,0.402634113,0.1
427.75,0.349075842,0.1
428,0.299056757,0.1
428.25,0.316820153,0.1
428.5,0.570014578,0.1
428.75,0.480372995,0.1
429,0.488944152,0.1
429.25,0.578107207,0.1
429.5,0.258900882,0.1
429.75,0.387562042,0.1
430,0.490193194,0.1
430.25,0.535686346,0.1
430.5,0.470158745,0.1
430.75,0.381907357,0.1
431,0.3238966,0.1
431.25,0.359575958,0.1
431.5,0.430694807,0.1
431.75,0.42628853,0.1
432,0.382498556,0.1
432.25,0.31337477,0.1
432.5,0.35483744,0.1
432.75,0.465367775,0.1
433,0.306565326,0.1
433.25,0.559984783,0.1
433.5,0.297919336,0.1
433.75,0.598774917,0.1
434,0.150782544,0.1
434.25,0.50705484,0.1
434.5,0.204273578,0.1
434.75,0.289338663,0.1
435,0.53942566,0.1
435.25,0.431143122,0.1
435.5,0.535865104,0.1
435.75,0.525225118,0.1
436,0.191248572,0.1
436.25,0.367787618,0.1
436.5,0.347748289,0.1
436.75,0.481201502,0.1
437,0.379166047,0.1
437.25,0.428376314,0.1
437.5,0.476807674,0.1
437.75,0.4380591,0.1
438,0.242302549,0.1
438.25,0.264134809,0.1
438.5,0.394284329,0.1
438.75,0.508275051,0.1
439,0.25181155,0.1
439.25,0.287194785,0.1
439.5,0.592485721,0.1
439.75,0.178703932,0.1
440,0.362874011,0.1
440.25,0.197320618,0.1
440.5,0.455485761,0.1
440.75,0.224667771,0.1
441,0.549486303,0.1
441.25,0.259131558,0.1
441.5,0.335704224,0.1
441.75,0.295459484,0.1
442,0.392678473,0.1
442.25,0.224647355,0.1
442.5,0.409823477,0.1
442.75,0.51883699,0.1
443,0.367759504,0.1
443.25,0.271704817,0.1
443.5,0.342540171,0.1
443.75,0.115147142,0.1
444,0.222699035,0.1
444.25,0.352200522,0.1
444.5,0.511617501,0.1
444.75,0.574576554,0.1
445,0.368515663,0.1
445.25,0.1520539,0.1
445.5,0.132948199,0.1
445.75,0.317471,0.1
446,0.370647007,0.1
446.25,0.312439805,0.1
446.5,0.170836335,0.1
446.75,0.416761533,0.1
447,0.246613809,0.1
447.25,0.123746634,0.1
447.5,0.432013104,0.1
447.75,0.370977889,0.1
448,0.323810277,0.1
448.25,0.486606001,0.1
448.5,0.325796562,0.1
448.75,0.147974296,0.1
449,0.348992782,0.1
449.25,0.364537009,0.1
449.5,0.372350442,0.1
449.75,0.381691443,0.1
450,0.087404143,0.1
450.25,0.312643472,0.1
450.5,0.09552805,0.1
450.75,0.23804144,0.1
451,0.338762179,0.1
451.25,0.226582296,0.1
451.5,0.176668771,0.1
451.75,0.463990267,0.1
452,0.461011263,0.1
452.25,0.22019932,0.1
452.5,0.582357025,0.1
452.75,0.441017158,0.1
453,0.162274528,0.1
453.25,0.345527787,0.1
453.5,0.332590573,0.1
453.75,0.127532157,0.1
454,0.20977861,0.1
454.25,0.283085022,0.1
454.5,0.292814323,0.1
454.75,0.320842242,0.1
455,0.118099912,0.1
455.25,0.343627112,0.1
455.5,0.592822159,0.1
455.75,0.233741374,0.1
456,0.377485294,0.1
456.25,0.052093087,0.1
456.5,0.42914464,0.1
456.75,-0.00358574,0.1
457,0.053186132,0.1
457.25,0.251022871,0.1
457.5,0.111422178,0.1
457.75,0.345073194,0.1
458,0.257610918,0.1
458.25,0.265888682,0.1
458.5,0.328668058,0.1
458.75,0.390636754,0.1
459,0.205773958,0.1
459.25,0.271687161,0.1
459.5,0.127842962,0.1
459.75,0.119829479,0.1
460,0.633393878,0.1
460.25,0.362572898,0.1
460.5,0.21855496,0.1
460.75,0.13521949,0.1
461,0.326604213,0.1
461.25,0.3585962,0.1
461.5,0.54805039,0.1
461.75,0.408495829,0.1
462,0.327550225,0.1
462.25,0.381339418,0.1
462.5,0.283108746,0.1
462.75,0.199751075,0.1
463,0.206147524,0.1
463.25,0.3556634,0.1
463.5,0.437121108,0.1
463.75,0.307334887,0.1
464,0.169228467,0.1
464.25,0.386609645,0.1
464.5,0.233100527,0.1
464.75,0.337583888,0.1
465,0.109173159,0.1
465.25,0.335394628,0.1
465.5,0.28485721,0.1
465.75,0.431027611,0.1
466,0.255491115,0.1
466.25,0.266683505,0.1
466.5,0.137926959,0.1
466.75,0.276574142,0.1
467,0.29043499,0.1
467.25,0.219077196,0.1
467.5,0.283525763,0.1
467.75,0.004970858,0.1
468,0.035797154,0.1
468.25,0.407976893,0.1
468.5,0.263660619,0.1
468.75,0.214606076,0.1
469,-0.121607096,0.1
469.25,0.08756806,0.1
469.5,0.313898345,0.1
469.75,0.117041698,0.1
470,0.276511407,0.1
470.25,0.117874842,0.1
470.5,-0.042213352,0.1
470.75,0.250321184,0.1
471,0.176512459,0.1
471.25,0.191194571,0.1
471.5,0.221406463,0.1
471.75,0.194753439,0.1
472,0.242059695,0.1
472.25,0.212174179,0.1
472.5,0.11455502,0.1
472.75,0.249703423,0.1
473,-0.102779801,0.1
473.25,0.274010826,0.1
473.5,0.141306241,0.1
473.75,0.093906071,0.1
474,0.350183873,0.1
474.25,0.325253415,0.1
474.5,0.056368294,0.1
474.75,0.033575527,0.1
475,0.223415301,0.1
475.25,-0.056778645,0.1
475.5,0.28488375,0.1
475.75,0.228600046,0.1
476,0.45919359,0.1
476.25,0.110843679,0.1
476.5,0.247218258,0.1
476.75,0.059900862,0.1
477,0.171788645,0.1
477.25,0.114621752,0.1
477.5,0.158937154,0.1
477.75,0.397323366,0.1
478,0.109455182,0.1
478.25,0.24079281,0.1
478.5,0.22618296,0.1
478.75,0.159422878,0.1
479,-0.027680157,0.1
479.25,0.273185125,0.1
479.5,0.073909605,0.1
479.75,0.183528912,0.1
480,0.395503193,0.1
480.25,0.160581598,0.1
480.5,0.083050857,0.1
480.75,0.09535904,0.1
481,0.149648438,0.1
481.25,0.147845755,0.1
481.5,0.227769751,0.1
481.75,0.314460898,0.1
482,0.015579523,0.1
482.25,0.04857697,0.1
482.5,-0.012256324,0.1
482.75,0.243611578,0.1
483,0.318526586,0.1
483.25,0.006573128,0.1
483.5,0.176175624,0.1
483.75,0.27225275,0.1
484,0.104875514,0.1
484.25,0.039145851,0.1
484.5,0.001397732,0.1
484.75,-0.139321163,0.1
485,0.045650092,0.1
485.25,0.277934516,0.1
485.5,0.139492188,0.1
485.75,0.198592911,0.1
486,-0.05190694,0.1
486.25,0.021479061,0.1
486.5,0.141376926,0.1
486.75,-0.042286713,0.1
487,0.39053591,0.1
487.25,0.288591055,0.1
487.5,0.10920394,0.1
487.75,0.144847664,0.1
488,0.248699237,0.1
488.25,0.144462958,0.1
488.5,-0.039059674,0.1
488.75,0.179013083,0.1
489,0.209511663,0.1
489.25,0.077807566,0.1
489.5,-0.011594802,0.1
489.75,0.232767368,0.1
490,0.040983846,0.1
490.25,0.115739762,0.1
490.5,0.078216803,0.1
490.75,0.202177205,0.1
491,0.057711061,0.1
491.25,0.10088185,0.1
491.5,0.080239691,0.1
491.75,0.199606737,0.1
492,0.167811866,0.1
492.25,0.172326203,0.1
492.5,-0.032687729,0.1
492.75,0.07187391,0.1
493,-0.030951786,0.1
493.25,0.052807204,0.1
493.5,-0.016202214,0.1
493.75,0.098782798,0.1
494,0.085004706,0.1
494.25,0.285849594,0.1
494.5,0.028869159,0.1
494.75,0.244537251,0.1
495,0.155394295,0.1
495.25,0.103588099,0.1
495.5,0.179135721,0.1
495.75,0.082151274,0.1
496,0.284578726,0.1
496.25,-0.01252006,0.1
496.5,0.214768243,0.1
496.75,0.000524586,0.1
497,0.080139901,0.1
497.25,-0.025390415,0.1
497.5,0.237504976,0.1
497.75,0.124461661,0.1
498,0.191848698,0.1
498.25,0.267486193,0.1
498.5,0.307587657,0.1
498.75,0.103805498,0.1
499,0.148093578,0.1
499.25,0.388527105,0.1
499.5,0.172376976,0.1
499.75,0.280208093,0.1
500,0.310241172,0.1
